,,Data Source,World Development Indicators,,,,,,,,,,,,,,,,,,,,,,,,,,,,,,,,,,,,,,,,,,,,,,,,,,,,,,,,,,,,,,,,,,,,,
,,,,,,,,,,,,,,,,,,,,,,,,,,,,,,,,,,,,,,,,,,,,,,,,,,,,,,,,,,,,,,,,,,,,,,,,
,,Last Updated Date,7/13/26,,,,,,,,,,,,,,,,,,,,,,,,,,,,,,,,,,,,,,,,,,,,,,,,,,,,,,,,,,,,,,,,,,,,,
,,,,,,,,,,,,,,,,,,,,,,,,,,,,,,,,,,,,,,,,,,,,,,,,,,,,,,,,,,,,,,,,,,,,,,,,
,,Country Name,Country Code,,Indicator Name,Indicator Code,1960,1961,1962,1963,1964,1965,1966,1967,1968,1969,1970,1971,1972,1973,1974,1975,1976,1977,1978,1979,1980,1981,1982,1983,1984,1985,1986,1987,1988,1989,1990,1991,1992,1993,1994,1995,1996,1997,1998,1999,2000,2001,2002,2003,2004,2005,2006,2007,2008,2009,2010,2011,2012,2013,2014,2015,2016,2017,2018,2019,2020,2021,2022,2023,2024,2025
ABW,Latin America & Caribbean,Aruba,ABW,High income,"Fertility rate, total (births per woman)",SP.DYN.TFRT.IN,4.567,4.422,4.262,4.107,3.94,3.797,3.621,3.452,3.277,3.111,2.973,2.862,2.755,2.655,2.573,2.499,2.432,2.372,2.312,2.257,2.203,2.161,2.142,2.148,2.17,2.188,2.212,2.243,2.273,2.306,2.345,2.362,2.353,2.331,2.298,2.288,2.233,2.138,2.001,1.897,1.845,1.813,1.8,1.808,1.819,1.844,1.862,1.881,1.889,1.875,1.855,1.858,1.907,1.944,1.944,1.899,1.848,1.785,1.732,1.701,1.662,1.631,1.615,1.602,1.606,
AFE,,Africa Eastern and Southern,AFE,,"Fertility rate, total (births per woman)",SP.DYN.TFRT.IN,6.650310369,6.667308342,6.688245767,6.709226353,6.72492993,6.737459439,6.766486484,6.775493196,6.782523147,6.782813251,6.792709244,6.798997973,6.798351831,6.79603793,6.792972086,6.783362323,6.768291643,6.74940517,6.733325291,6.715178111,6.694611563,6.663769496,6.635449391,6.595347645,6.549886196,6.500240812,6.448270932,6.398680389,6.329041044,6.249928783,6.160211719,6.094846017,6.028218878,5.970246159,5.911238136,5.85348014,5.78158012,5.710820276,5.662886105,5.61161902,5.549893019,5.501766094,5.449695771,5.40732792,5.38130826,5.350398519,5.305920472,5.253984801,5.219403495,5.142535442,5.066491307,4.981010221,4.899627175,4.819579317,4.748087977,4.676522671,4.615756407,4.569915254,4.521453515,4.471350936,4.41299874,4.350690765,4.287079892,4.223860577,4.164043791,
AFG,Middle East & North Africa,Afghanistan,AFG,Low income,"Fertility rate, total (births per woman)",SP.DYN.TFRT.IN,7.282,7.284,7.292,7.302,7.304,7.305,7.32,7.339,7.363,7.389,7.4,7.432,7.453,7.487,7.526,7.542,7.561,7.591,7.599,7.612,7.643,7.617,7.6,7.57,7.554,7.55,7.553,7.548,7.551,7.559,7.576,7.631,7.703,7.761,7.767,7.767,7.757,7.732,7.693,7.641,7.566,7.453,7.32,7.174,7.018,6.858,6.686,6.508,6.392,6.295,6.195,6.094,5.985,5.879,5.77,5.652,5.542,5.433,5.327,5.238,5.145,5.039,4.932,4.84,4.761,
AFW,,Africa Western and Central,AFW,,"Fertility rate, total (births per woman)",SP.DYN.TFRT.IN,6.46888171,6.478345287,6.492275901,6.500230253,6.516723864,6.532705159,6.556394253,6.582446833,6.606919908,6.63318801,6.655546239,6.697036406,6.733265957,6.763901856,6.802057081,6.838922854,6.858359272,6.890209047,6.916037072,6.904845081,6.888045468,6.871630811,6.846836529,6.819645223,6.770415978,6.718114741,6.676887809,6.630395858,6.594923621,6.562810603,6.517500151,6.470945607,6.418389243,6.362896232,6.300142972,6.237099857,6.1721958,6.104319231,6.045828746,6.029104388,6.023369618,5.991230244,5.957258899,5.924543198,5.896430067,5.872552884,5.846726563,5.810277784,5.786078308,5.751694379,5.7134456,5.666275075,5.59747202,5.516156841,5.440667313,5.34716145,5.229433498,5.099255584,4.962885097,4.829455279,4.707738886,4.638139108,4.563816603,4.498196423,4.416450275,
AGO,Sub-Saharan Africa,Angola,AGO,Lower middle income,"Fertility rate, total (births per woman)",SP.DYN.TFRT.IN,6.708,6.79,6.872,6.954,7.036,7.116,7.194,7.267,7.332,7.388,7.434,7.467,7.488,7.498,7.5,7.494,7.485,7.475,7.467,7.461,7.459,7.459,7.461,7.462,7.459,7.451,7.435,7.409,7.373,7.328,7.272,7.208,7.138,7.065,6.99,6.918,6.851,6.789,6.732,6.683,6.639,6.601,6.567,6.533,6.499,6.461,6.419,6.372,6.32,6.26,6.194,6.12,6.039,5.953,5.864,5.774,5.686,5.6,5.519,5.442,5.371,5.304,5.209,5.124,5.048,
ALB,Europe & Central Asia,Albania,ALB,Upper middle income,"Fertility rate, total (births per woman)",SP.DYN.TFRT.IN,6.383,6.273,6.106,5.927,5.714,5.474,5.325,5.31,5.317,5.287,5.158,5.083,4.979,4.829,4.7,4.566,4.374,4.204,3.996,3.782,3.59,3.468,3.416,3.319,3.282,3.214,3.141,3.106,3.069,3.03,3.014,2.956,2.885,2.811,2.798,2.762,2.666,2.535,2.425,2.313,2.217,2.141,2.002,2.006,1.889,1.787,1.686,1.633,1.616,1.638,1.653,1.677,1.719,1.741,1.721,1.631,1.555,1.486,1.415,1.395,1.371,1.365,1.355,1.348,1.341,
AND,Europe & Central Asia,Andorra,AND,High income,"Fertility rate, total (births per woman)",SP.DYN.TFRT.IN,2.545,2.543,2.548,2.602,2.689,2.715,2.759,2.78,2.77,2.769,2.787,2.832,2.905,2.826,2.735,2.458,2.207,2.029,1.884,1.795,1.83,1.797,1.726,1.574,1.475,1.434,1.397,1.367,1.365,1.395,1.401,1.397,1.373,1.334,1.317,1.319,1.329,1.354,1.383,1.421,1.273,1.305,1.265,1.18,1.229,1.224,1.234,1.189,1.25,1.208,1.275,1.321,1.26,1.142,1.168,1.223,1.184,1.129,1.053,1.045,1.028,1.058,1.071,1.082,1.087,
ARB,,Arab World,ARB,,"Fertility rate, total (births per woman)",SP.DYN.TFRT.IN,6.922033181,6.97214164,7.075061838,7.066516219,7.040108892,6.995729808,6.970066469,6.947570727,6.920588347,6.88622908,6.853249162,6.812479364,6.764412199,6.709339758,6.661737479,6.616766533,6.569320524,6.505587141,6.439431912,6.385340317,6.315059674,6.229697337,6.152389486,6.067461682,5.955264493,5.837652144,5.696320462,5.562570698,5.433634309,5.284173259,5.154858832,5.012706456,4.870436947,4.722486683,4.593484344,4.435269422,4.290826078,4.191515076,4.104493891,4.015958667,3.934749234,3.858449683,3.781000749,3.727254389,3.679650702,3.643335604,3.619228496,3.604284767,3.580285207,3.571186077,3.571860735,3.56597589,3.58216032,3.57412717,3.562126335,3.532443591,3.462988078,3.425198221,3.324268756,3.255093079,3.208268657,3.145588427,3.107766745,3.089750838,3.057414579,
ARE,Middle East & North Africa,United Arab Emirates,ARE,High income,"Fertility rate, total (births per woman)",SP.DYN.TFRT.IN,6.499,6.494,6.489,6.495,6.494,6.495,6.495,6.51,6.529,6.524,6.519,6.519,6.502,6.464,6.411,6.353,6.291,6.223,6.151,6.059,5.953,5.814,5.658,5.482,5.303,5.125,4.999,4.883,4.768,4.65,4.506,4.251,4.088,3.819,3.761,3.278,3.06,2.825,2.765,2.793,2.733,2.622,2.541,2.491,2.385,2.232,1.958,1.792,1.516,1.582,1.565,1.539,1.532,1.527,1.483,1.417,1.366,1.35,1.288,1.247,1.289,1.162,1.148,1.2,1.213,
ARG,Latin America & Caribbean,Argentina,ARG,Upper middle income,"Fertility rate, total (births per woman)",SP.DYN.TFRT.IN,3.136,3.12,3.126,3.109,3.075,3.005,2.966,2.982,3.011,3.049,3.085,3.108,3.135,3.17,3.216,3.271,3.317,3.359,3.359,3.339,3.301,3.253,3.204,3.148,3.116,3.066,3.054,3.037,3.046,3.022,3.034,3.012,2.987,2.966,2.935,2.864,2.781,2.706,2.662,2.643,2.591,2.531,2.493,2.451,2.43,2.426,2.4,2.37,2.432,2.4,2.411,2.393,2.304,2.335,2.386,2.35,2.241,2.168,2.067,1.882,1.601,1.585,1.482,1.5,1.504,
ARM,Europe & Central Asia,Armenia,ARM,Upper middle income,"Fertility rate, total (births per woman)",SP.DYN.TFRT.IN,4.786,4.67,4.521,4.345,4.15,3.988,3.829,3.731,3.622,3.488,3.328,3.286,3.198,3.081,2.984,2.921,2.844,2.739,2.617,2.53,2.48,2.48,2.503,2.558,2.603,2.644,2.662,2.664,2.675,2.705,2.708,2.643,2.499,2.286,2.084,2.067,2.06,1.9,1.81,1.534,1.3,1.2,1.2,1.3,1.4,1.3,1.3,1.4,1.4,1.5,1.5,1.5,1.6,1.6,1.7,1.6,1.6,1.6,1.6,1.6,1.7,1.7,1.7,1.9,1.7,
ASM,East Asia & Pacific,American Samoa,ASM,High income,"Fertility rate, total (births per woman)",SP.DYN.TFRT.IN,6.578,6.575,6.603,6.687,6.78,6.73,6.618,6.461,6.281,6.122,5.953,5.765,5.519,5.297,5.139,5.013,4.932,4.953,4.873,4.756,4.627,4.498,4.37,4.267,4.25,4.255,4.276,4.298,4.314,4.41,4.472,4.528,4.557,4.605,4.384,4.121,3.944,3.887,3.878,3.891,3.89,3.87,3.866,3.91,3.945,3.863,3.685,3.509,3.42,3.359,3.292,3.169,3.043,2.932,2.852,2.78,2.699,2.598,2.494,2.404,2.36,2.327,2.305,2.286,2.267,
ATG,Latin America & Caribbean,Antigua and Barbuda,ATG,High income,"Fertility rate, total (births per woman)",SP.DYN.TFRT.IN,4.602,4.559,4.547,4.536,4.484,4.416,4.322,4.178,4.014,3.829,3.628,3.455,3.287,3.126,2.932,2.77,2.78,2.784,2.573,2.632,2.311,2.166,2.087,2.116,2.038,2.151,2.032,2.067,2.132,2.199,2.249,2.036,2.126,2.036,2.069,2.159,2.266,2.19,2.017,1.956,2.196,2.018,1.94,1.887,1.852,1.832,1.831,1.86,2.042,2.006,1.785,1.746,1.655,1.537,1.526,1.567,1.458,1.485,1.371,1.468,1.569,1.58,1.58,1.578,1.582,
AUS,East Asia & Pacific,Australia,AUS,High income,"Fertility rate, total (births per woman)",SP.DYN.TFRT.IN,3.453,3.54,3.442,3.332,3.146,2.977,2.881,2.848,2.888,2.886,2.859,2.961,2.744,2.491,2.397,2.148,2.06,2.007,1.949,1.907,1.891,1.935,1.929,1.924,1.84,1.923,1.868,1.845,1.831,1.838,1.902,1.849,1.888,1.859,1.842,1.822,1.796,1.778,1.762,1.755,1.756,1.739,1.756,1.748,1.768,1.807,1.908,1.959,1.984,1.971,1.928,1.926,1.92,1.855,1.826,1.814,1.752,1.741,1.74,1.657,1.581,1.7,1.63,1.499,1.481,
AUT,Europe & Central Asia,Austria,AUT,High income,"Fertility rate, total (births per woman)",SP.DYN.TFRT.IN,2.69,2.78,2.8,2.82,2.79,2.7,2.66,2.62,2.58,2.49,2.29,2.2,2.08,1.94,1.91,1.83,1.69,1.63,1.6,1.6,1.65,1.67,1.66,1.56,1.52,1.47,1.45,1.43,1.45,1.45,1.46,1.51,1.51,1.5,1.47,1.42,1.45,1.39,1.37,1.34,1.36,1.33,1.39,1.38,1.42,1.41,1.41,1.38,1.42,1.39,1.44,1.43,1.44,1.44,1.46,1.49,1.53,1.52,1.47,1.46,1.44,1.48,1.41,1.32,1.31,
AZE,Europe & Central Asia,Azerbaijan,AZE,Upper middle income,"Fertility rate, total (births per woman)",SP.DYN.TFRT.IN,5.878,5.937,5.961,5.945,5.888,5.792,5.663,5.377,5.222,5.065,4.913,4.769,4.615,4.451,4.33,4.176,4.018,3.869,3.73,3.605,3.497,3.41,3.343,3.293,3.259,2.91,2.9,2.9026,2.8,2.8,2.74,2.87,2.74,2.7,2.52,2.29,2.06,2.07,2,2.07,2,1.8,1.8,1.9,2.0535,2,1.97,1.97,1.9,1.82,1.92,1.96,2,1.98,1.97,1.94,1.9,1.75,1.73,1.81,1.7,1.52,1.67,1.55,1.43,
BDI,Sub-Saharan Africa,Burundi,BDI,Low income,"Fertility rate, total (births per woman)",SP.DYN.TFRT.IN,7.003,7.023,7.038,7.067,7.09,7.113,7.135,7.156,7.18,7.215,7.214,7.213,7.21,7.215,7.222,7.244,7.248,7.245,7.259,7.307,7.353,7.329,7.314,7.298,7.295,7.294,7.32,7.38,7.383,7.387,7.365,7.336,7.301,7.272,7.23,7.184,7.123,7.04,6.958,6.897,6.872,6.849,6.819,6.785,6.746,6.708,6.659,6.588,6.515,6.409,6.26,6.108,5.991,5.889,5.794,5.695,5.587,5.481,5.38,5.271,5.177,5.078,4.98,4.878,4.789,
BEL,Europe & Central Asia,Belgium,BEL,High income,"Fertility rate, total (births per woman)",SP.DYN.TFRT.IN,2.54,2.63,2.59,2.68,2.71,2.61,2.52,2.41,2.31,2.27,2.25,2.21,2.09,1.95,1.83,1.74,1.73,1.71,1.69,1.69,1.68,1.66,1.61,1.57,1.54,1.51,1.54,1.54,1.57,1.58,1.62,1.66,1.65,1.61,1.56,1.56,1.59,1.6,1.6,1.62,1.67,1.67,1.65,1.67,1.72,1.76,1.8,1.82,1.85,1.84,1.86,1.81,1.8,1.76,1.74,1.7,1.68,1.65,1.62,1.6,1.55,1.6,1.53,1.47,1.44,
BEN,Sub-Saharan Africa,Benin,BEN,Lower middle income,"Fertility rate, total (births per woman)",SP.DYN.TFRT.IN,6.282,6.402,6.457,6.51,6.565,6.605,6.625,6.643,6.669,6.705,6.735,6.766,6.799,6.809,6.822,6.83,6.83,6.832,6.824,6.905,6.989,7.056,7.055,7.045,7.031,7.003,6.962,6.918,6.871,6.815,6.741,6.666,6.593,6.51,6.419,6.33,6.279,6.23,6.136,6.032,5.937,5.848,5.793,5.763,5.718,5.692,5.673,5.627,5.548,5.491,5.452,5.436,5.429,5.41,5.374,5.32,5.254,5.155,5.031,4.9,4.795,4.707,4.634,4.556,4.48,
BFA,Sub-Saharan Africa,Burkina Faso,BFA,Low income,"Fertility rate, total (births per woman)",SP.DYN.TFRT.IN,6.248,6.286,6.322,6.356,6.419,6.471,6.527,6.585,6.645,6.664,6.685,6.698,6.719,6.77,6.842,6.913,6.952,7.046,7.148,7.194,7.222,7.256,7.253,7.251,7.245,7.242,7.218,7.168,7.109,7.047,7.009,6.973,6.936,6.889,6.843,6.814,6.779,6.724,6.661,6.586,6.519,6.431,6.339,6.28,6.216,6.182,6.17,6.11,6.05,5.992,5.936,5.869,5.793,5.697,5.595,5.478,5.331,5.17,4.921,4.681,4.44,4.361,4.275,4.186,4.11,
BGD,South Asia,Bangladesh,BGD,Lower middle income,"Fertility rate, total (births per woman)",SP.DYN.TFRT.IN,6.742,6.78,6.806,6.798,6.785,6.771,6.766,6.79,6.791,6.806,6.839,6.831,6.816,6.8,6.778,6.728,6.66,6.583,6.509,6.421,6.326,6.237,6.118,5.906,5.732,5.539,5.302,5.075,4.849,4.695,4.506,4.261,4.027,3.832,3.737,3.588,3.505,3.502,3.427,3.357,3.279,3.203,3.126,3.029,2.94,2.846,2.755,2.666,2.577,2.484,2.38,2.309,2.263,2.247,2.228,2.227,2.227,2.205,2.193,2.18,2.175,2.173,2.179,2.163,2.138,
BGR,Europe & Central Asia,Bulgaria,BGR,High income,"Fertility rate, total (births per woman)",SP.DYN.TFRT.IN,2.31,2.29,2.24,2.21,2.19,2.09,2.03,2.02,2.27,2.27,2.17,2.1,2.03,2.15,2.29,2.23,2.24,2.21,2.15,2.16,2.05,2,2.01,2.01,2.01,1.97,2.02,1.96,1.97,1.9,1.82,1.66,1.55,1.46,1.37,1.23,1.23,1.09,1.11,1.23,1.26,1.21,1.23,1.26,1.33,1.37,1.44,1.49,1.56,1.66,1.57,1.51,1.5,1.54,1.62,1.64,1.67,1.71,1.73,1.79,1.77,1.8,1.78,1.81,1.72,
BHR,Middle East & North Africa,Bahrain,BHR,High income,"Fertility rate, total (births per woman)",SP.DYN.TFRT.IN,7.262,7.231,7.185,7.137,7.091,7.027,6.944,6.843,6.708,6.57,6.428,6.284,6.139,5.965,5.787,5.618,5.454,5.287,5.12,4.937,4.762,4.602,4.505,4.406,4.303,4.281,4.254,4.133,4.04,3.956,3.817,3.625,3.548,3.461,3.291,3.128,2.986,2.924,2.889,2.899,2.798,2.653,2.699,2.778,2.774,2.67,2.464,2.282,2.152,2.047,1.987,2.025,2.11,2.166,2.149,2.113,2.042,1.984,1.911,1.843,1.86,1.852,1.839,1.824,1.805,
BHS,Latin America & Caribbean,"Bahamas, The",BHS,High income,"Fertility rate, total (births per woman)",SP.DYN.TFRT.IN,5.093,5.156,5.125,5.062,4.969,4.884,4.788,4.689,4.556,4.38,4.212,4.058,3.886,3.726,3.572,3.424,3.297,3.167,3.052,2.937,2.842,2.771,2.708,2.652,2.591,2.546,2.529,2.52,2.519,2.523,2.52,2.51,2.71,2.61,2.472,2.419,2.353,2.293,2.232,2.134,2.06,2.02,1.984,1.971,1.98,2.008,2.019,2.035,1.999,2.011,1.837,1.791,1.761,1.738,1.687,1.574,1.495,1.424,1.404,1.397,1.386,1.382,1.379,1.373,1.374,
BIH,Europe & Central Asia,Bosnia and Herzegovina,BIH,Upper middle income,"Fertility rate, total (births per woman)",SP.DYN.TFRT.IN,3.963,3.888,3.805,3.7,3.6,3.53,3.394,3.219,3.076,2.954,2.791,2.749,2.672,2.539,2.454,2.389,2.314,2.197,2.081,1.993,1.98,2.024,2.052,2.049,2.015,1.96,1.909,1.879,1.849,1.792,1.786,1.782,1.758,1.729,1.698,1.669,1.652,1.686,1.561,1.366,1.282,1.23,1.231,1.219,1.221,1.203,1.18,1.19,1.21,1.267,1.26,1.209,1.252,1.278,1.262,1.322,1.36,1.419,1.504,1.509,1.515,1.49,1.481,1.486,1.492,
BLR,Europe & Central Asia,Belarus,BLR,Upper middle income,"Fertility rate, total (births per woman)",SP.DYN.TFRT.IN,2.67,2.59,2.5,2.4,2.31,2.27,2.29,2.26,2.22,2.26,2.31,2.31,2.28,2.25,2.21,2.17,2.12,2.08,2.06,2.05,2.03,2.02,2.05,2.11,2.11,2.09,2.09,2.03,2.031,2.026,1.913,1.805,1.764,1.623,1.533,1.406,1.335,1.25,1.3,1.31,1.317,1.286,1.24,1.232,1.233,1.252,1.335,1.429,1.488,1.509,1.494,1.515,1.62,1.668,1.696,1.724,1.733,1.541,1.448,1.382,1.369,1.371,1.326,1.208,1.217,
BLZ,Latin America & Caribbean,Belize,BLZ,Upper middle income,"Fertility rate, total (births per woman)",SP.DYN.TFRT.IN,6.5,6.48,6.46,6.44,6.42,6.4,6.379,6.358,6.337,6.316,6.299,6.288,6.284,6.285,6.287,6.278,6.25,6.195,6.109,5.992,5.849,5.684,5.497,5.309,5.115,4.997,4.937,4.883,4.868,4.864,4.802,4.595,4.429,4.206,3.973,3.876,3.755,3.737,3.752,3.726,3.633,3.526,3.43,3.335,3.252,3.173,3.021,2.885,2.78,2.659,2.552,2.531,2.51,2.498,2.474,2.433,2.396,2.368,2.343,2.142,2.04,1.837,1.949,2.007,2.021,
BMU,North America,Bermuda,BMU,High income,"Fertility rate, total (births per woman)",SP.DYN.TFRT.IN,3.63,3.594,3.441,3.476,3.231,3.077,2.794,2.567,2.451,2.361,2.308,2.277,2.225,2.143,2.023,1.888,1.864,1.689,1.798,1.661,1.664,1.596,1.643,1.812,1.683,1.774,1.732,1.746,1.797,1.76,1.699,1.744,1.725,1.7,1.684,1.677,1.699,1.692,1.794,1.794,1.738,1.861,1.815,1.79,1.76,1.782,1.79,1.934,1.86,1.853,1.767,1.569,1.528,1.522,1.42,1.44,1.45,1.419,1.374,1.383,1.451,1.389,1.397,1.401,1.405,
BOL,Latin America & Caribbean,Bolivia,BOL,Lower middle income,"Fertility rate, total (births per woman)",SP.DYN.TFRT.IN,6.273,6.257,6.246,6.232,6.21,6.182,6.158,6.133,6.101,6.058,6.004,5.947,5.885,5.847,5.796,5.748,5.739,5.673,5.61,5.542,5.474,5.408,5.346,5.289,5.242,5.153,5.115,5.063,5.025,4.965,4.9,4.846,4.713,4.592,4.494,4.409,4.336,4.219,4.149,4.09,3.991,3.89,3.802,3.721,3.633,3.558,3.533,3.447,3.364,3.287,3.213,3.143,3.076,3.01,2.947,2.886,2.829,2.777,2.73,2.688,2.651,2.618,2.584,2.547,2.523,
BRA,Latin America & Caribbean,Brazil,BRA,Upper middle income,"Fertility rate, total (births per woman)",SP.DYN.TFRT.IN,6.051,6.022,5.984,5.93,5.818,5.677,5.516,5.336,5.165,5.041,4.934,4.838,4.735,4.638,4.502,4.415,4.339,4.267,4.195,4.12,4.037,3.943,3.838,3.723,3.6,3.48,3.361,3.232,3.112,3.007,2.896,2.805,2.71,2.66,2.603,2.567,2.511,2.468,2.418,2.335,2.247,2.162,2.081,2.006,1.973,1.942,1.896,1.854,1.815,1.799,1.786,1.777,1.766,1.761,1.775,1.777,1.727,1.74,1.744,1.705,1.653,1.638,1.629,1.619,1.614,
BRB,Latin America & Caribbean,Barbados,BRB,High income,"Fertility rate, total (births per woman)",SP.DYN.TFRT.IN,4.706,4.153,4.3,4.304,4.214,4.176,4.144,3.599,3.574,3.342,3.079,3.199,3.153,2.865,2.652,2.447,2.241,2.201,1.839,1.862,1.777,1.846,1.859,1.856,1.752,1.769,1.694,1.611,1.58,1.638,1.842,1.838,1.804,1.769,1.733,1.704,1.673,1.645,1.62,1.779,1.933,1.955,1.862,1.856,1.797,1.738,1.702,1.755,1.756,1.77,1.785,1.758,1.731,1.729,1.727,1.726,1.724,1.724,1.72,1.715,1.708,1.709,1.712,1.708,1.708,
BRN,East Asia & Pacific,Brunei Darussalam,BRN,High income,"Fertility rate, total (births per woman)",SP.DYN.TFRT.IN,7.322,7.185,7.03,6.893,6.773,6.647,6.514,6.372,6.204,6.008,5.801,5.619,5.5,5.355,5.183,4.99,4.784,4.58,4.389,4.216,4.067,3.943,3.841,3.751,3.68,3.612,3.549,3.491,3.435,3.364,3.29,3.206,3.111,3.007,2.901,2.787,2.681,2.6,2.533,2.461,2.398,2.337,2.264,2.185,2.104,2.024,1.969,1.933,1.918,1.921,1.937,1.957,1.973,1.978,1.969,1.947,1.915,1.881,1.848,1.819,1.796,1.778,1.764,1.747,1.731,
BTN,South Asia,Bhutan,BTN,Lower middle income,"Fertility rate, total (births per woman)",SP.DYN.TFRT.IN,6.704,6.698,6.692,6.687,6.682,6.679,6.674,6.669,6.664,6.658,6.65,6.643,6.639,6.633,6.618,6.62,6.616,6.605,6.584,6.553,6.511,6.46,6.402,6.336,6.262,6.176,6.103,5.999,5.88,5.757,5.604,5.451,5.267,5.072,4.866,4.624,4.369,4.088,3.853,3.607,3.378,3.188,3.012,2.865,2.781,2.726,2.66,2.589,2.481,2.364,2.252,2.155,2.068,2,1.923,1.835,1.738,1.621,1.517,1.448,1.502,1.488,1.478,1.462,1.449,
BWA,Sub-Saharan Africa,Botswana,BWA,Upper middle income,"Fertility rate, total (births per woman)",SP.DYN.TFRT.IN,6.595,6.564,6.536,6.578,6.613,6.604,6.606,6.598,6.582,6.559,6.55,6.544,6.563,6.587,6.614,6.613,6.599,6.543,6.479,6.395,6.292,6.163,5.97,5.785,5.625,5.482,5.332,5.104,4.878,4.666,4.509,4.365,4.255,4.152,4.021,3.792,3.573,3.431,3.362,3.313,3.294,3.248,3.175,3.106,3.063,3.082,3.114,3.127,3.131,3.133,3.135,3.103,3.07,3.045,3.027,3.008,2.99,2.969,2.941,2.906,2.861,2.827,2.785,2.732,2.703,
CAF,Sub-Saharan Africa,Central African Republic,CAF,Low income,"Fertility rate, total (births per woman)",SP.DYN.TFRT.IN,5.948,5.958,5.97,5.985,6.005,6.028,6.057,6.076,6.101,6.063,6.027,5.993,5.959,5.925,5.899,5.877,5.936,5.986,6.039,6.09,6.13,6.167,6.16,6.151,6.138,6.119,6.106,6.12,6.098,6.073,6.049,6.03,5.964,5.926,5.919,5.943,5.963,5.924,5.889,5.875,5.851,5.807,5.785,5.799,5.784,5.812,5.84,5.867,5.902,5.936,5.963,6.009,6.047,6.075,6.099,6.126,6.126,6.127,6.108,6.09,6.059,6.052,6.023,6.012,5.954,
CAN,North America,Canada,CAN,High income,"Fertility rate, total (births per woman)",SP.DYN.TFRT.IN,3.811,3.753,3.681,3.607,3.456,3.115,2.749,2.528,2.386,2.334,2.258,2.141,1.98,1.89,1.837,1.824,1.796,1.782,1.768,1.754,1.74,1.7,1.69,1.68,1.65,1.67,1.675,1.68,1.68,1.77,1.83,1.72,1.71,1.69,1.69,1.67,1.63,1.57,1.56,1.55,1.51,1.54,1.52,1.55,1.56,1.58,1.63,1.67,1.7,1.69,1.65,1.63,1.63,1.61,1.61,1.6,1.59,1.55,1.51,1.47,1.41,1.44,1.34,1.27,1.25,
CEB,,Central Europe and the Baltics,CEB,,"Fertility rate, total (births per woman)",SP.DYN.TFRT.IN,2.491784539,2.39785655,2.307033786,2.311054538,2.258052991,2.205929249,2.128812366,2.479143074,2.456463766,2.354271473,2.283756314,2.259592762,2.235739964,2.249430648,2.364337015,2.338287504,2.322728172,2.284500382,2.249577816,2.255688174,2.196656993,2.150839748,2.139980298,2.142664572,2.163646782,2.161866082,2.13787007,2.097371552,2.078199775,2.018205984,1.930490877,1.854241663,1.749846815,1.669982005,1.58951955,1.468455385,1.429237124,1.381666139,1.338555951,1.307916378,1.317771624,1.275471435,1.253364747,1.251065925,1.27644709,1.312669242,1.341989256,1.381217715,1.463503386,1.487613038,1.461834481,1.39336105,1.416013517,1.392412773,1.447687207,1.467835942,1.530345714,1.591012932,1.583803385,1.581126079,1.569355456,1.570011599,1.494910387,1.396671911,1.309125443,
CHE,Europe & Central Asia,Switzerland,CHE,High income,"Fertility rate, total (births per woman)",SP.DYN.TFRT.IN,2.44,2.52,2.58,2.65,2.66,2.59,2.5,2.39,2.29,2.19,2.1,2.04,1.91,1.81,1.73,1.61,1.55,1.53,1.51,1.52,1.55,1.55,1.56,1.52,1.53,1.52,1.53,1.52,1.57,1.56,1.58,1.58,1.58,1.51,1.49,1.48,1.5,1.48,1.47,1.48,1.5,1.38,1.39,1.39,1.42,1.42,1.44,1.46,1.48,1.5,1.52,1.52,1.52,1.52,1.54,1.54,1.54,1.52,1.52,1.48,1.46,1.52,1.39,1.33,1.29,
CHI,Europe & Central Asia,Channel Islands,CHI,High income,"Fertility rate, total (births per woman)",SP.DYN.TFRT.IN,2.34,2.41,2.52,2.63,2.66,2.57,2.42,2.28,2.21,2.13,2.01,1.95,1.76,1.66,1.58,1.51,1.44,1.47,1.46,1.47,1.45,1.42,1.39,1.44,1.4,1.4,1.43,1.46,1.48,1.49,1.51,1.47,1.47,1.42,1.47,1.45,1.49,1.51,1.51,1.51,1.49,1.48,1.47,1.51,1.5,1.46,1.47,1.53,1.56,1.57,1.58,1.59,1.58,1.56,1.54,1.5,1.46,1.41,1.37,1.35,1.33,1.36,1.37,1.37,1.37,
CHL,Latin America & Caribbean,Chile,CHL,High income,"Fertility rate, total (births per woman)",SP.DYN.TFRT.IN,4.697,4.655,4.602,4.536,4.457,4.364,4.259,4.144,4.025,3.902,3.778,3.654,3.53,3.409,3.293,3.182,3.078,2.981,2.892,2.812,2.744,2.689,2.648,2.619,2.601,2.592,2.589,2.59,2.591,2.589,2.579,2.558,2.478,2.43,2.377,2.353,2.284,2.202,2.149,2.074,2.046,2.007,1.934,1.885,1.844,1.825,1.798,1.826,1.85,1.855,1.844,1.823,1.798,1.786,1.774,1.737,1.686,1.563,1.543,1.43,1.307,1.176,1.255,1.167,1.14,
CHN,East Asia & Pacific,China,CHN,Upper middle income,"Fertility rate, total (births per woman)",SP.DYN.TFRT.IN,4.451,3.863,6.085,7.513,6.672,6.605,6.307,5.806,6.508,6.175,6.085,5.523,5.112,4.726,4.17,3.571,3.235,2.844,2.716,2.745,2.739,2.792,2.972,2.559,2.607,2.633,2.721,2.76,2.539,2.52,2.514,1.934,1.776,1.691,1.628,1.588,1.554,1.527,1.522,1.53,1.628,1.563,1.566,1.57,1.605,1.624,1.644,1.666,1.701,1.714,1.687,1.668,1.798,1.714,1.769,1.67,1.772,1.795,1.539,1.496,1.236,1.117,1.034,0.999,1.013,
CIV,Sub-Saharan Africa,Cote d'Ivoire,CIV,Lower middle income,"Fertility rate, total (births per woman)",SP.DYN.TFRT.IN,7.691,7.72,7.75,7.781,7.811,7.841,7.868,7.893,7.912,7.927,7.936,7.941,7.942,7.939,7.929,7.91,7.877,7.828,7.669,7.625,7.586,7.539,7.488,7.417,7.352,7.273,7.187,7.09,6.969,6.85,6.719,6.585,6.426,6.27,6.128,6.038,5.954,5.902,5.854,5.805,5.773,5.704,5.641,5.572,5.527,5.499,5.448,5.403,5.357,5.332,5.292,5.244,5.19,5.135,5.071,4.97,4.873,4.757,4.596,4.523,4.461,4.411,4.349,4.283,4.23,
CMR,Sub-Saharan Africa,Cameroon,CMR,Lower middle income,"Fertility rate, total (births per woman)",SP.DYN.TFRT.IN,5.725,5.732,5.729,5.731,5.739,5.796,5.854,5.951,6.043,6.144,6.197,6.259,6.293,6.326,6.361,6.401,6.447,6.508,6.545,6.581,6.613,6.61,6.594,6.575,6.563,6.564,6.572,6.538,6.481,6.414,6.362,6.324,6.256,6.155,6.043,5.919,5.795,5.706,5.656,5.604,5.514,5.441,5.435,5.432,5.436,5.421,5.369,5.343,5.294,5.236,5.154,5.052,4.982,4.905,4.844,4.841,4.842,4.804,4.74,4.651,4.557,4.468,4.397,4.322,4.261,
COD,Sub-Saharan Africa,"Congo, Dem. Rep.",COD,Low income,"Fertility rate, total (births per woman)",SP.DYN.TFRT.IN,6.105,6.124,6.141,6.158,6.188,6.21,6.242,6.267,6.286,6.304,6.329,6.344,6.369,6.385,6.404,6.419,6.437,6.45,6.463,6.479,6.495,6.519,6.54,6.564,6.586,6.612,6.634,6.651,6.656,6.65,6.649,6.645,6.639,6.641,6.643,6.676,6.672,6.69,6.7,6.692,6.702,6.663,6.606,6.549,6.53,6.526,6.547,6.559,6.58,6.591,6.587,6.582,6.559,6.527,6.483,6.437,6.392,6.349,6.302,6.253,6.206,6.156,6.106,6.051,5.981,
COG,Sub-Saharan Africa,"Congo, Rep.",COG,Lower middle income,"Fertility rate, total (births per woman)",SP.DYN.TFRT.IN,6.085,6.093,6.099,6.147,6.183,6.229,6.267,6.29,6.327,6.35,6.376,6.416,6.444,6.42,6.39,6.356,6.317,6.271,6.21,6.143,6.065,5.984,5.85,5.758,5.658,5.587,5.514,5.458,5.392,5.327,5.266,5.221,5.177,5.134,5.103,5.068,5.033,4.997,4.909,4.805,4.724,4.67,4.697,4.696,4.69,4.669,4.651,4.649,4.726,4.808,4.851,4.826,4.785,4.731,4.665,4.607,4.546,4.496,4.442,4.38,4.329,4.28,4.215,4.157,4.109,
COL,Latin America & Caribbean,Colombia,COL,Upper middle income,"Fertility rate, total (births per woman)",SP.DYN.TFRT.IN,6.735,6.712,6.663,6.584,6.475,6.333,6.159,5.957,5.737,5.506,5.276,5.057,4.857,4.68,4.527,4.398,4.285,4.163,3.998,3.888,3.798,3.706,3.618,3.501,3.35,3.225,3.147,3.087,3.039,3.012,2.995,2.982,2.983,2.978,2.937,2.85,2.768,2.743,2.717,2.637,2.574,2.522,2.489,2.45,2.384,2.309,2.241,2.195,2.155,2.096,2.01,1.938,1.899,1.86,1.822,1.771,1.719,1.717,1.715,1.71,1.694,1.68,1.663,1.645,1.634,
COM,Sub-Saharan Africa,Comoros,COM,Lower middle income,"Fertility rate, total (births per woman)",SP.DYN.TFRT.IN,6.792,6.849,6.897,6.916,6.938,6.967,7.001,7.02,7.051,7.073,7.099,7.116,7.142,7.165,7.163,7.162,7.159,7.15,7.155,7.162,7.154,7.143,7.134,7.11,7.072,7.021,6.953,6.87,6.764,6.646,6.505,6.354,6.186,6.022,5.864,5.73,5.627,5.513,5.392,5.28,5.227,5.195,5.155,5.115,5.065,5.012,4.934,4.859,4.805,4.778,4.755,4.722,4.652,4.572,4.489,4.42,4.348,4.278,4.208,4.138,4.071,3.999,3.935,3.878,3.822,
CPV,Sub-Saharan Africa,Cabo Verde,CPV,Upper middle income,"Fertility rate, total (births per woman)",SP.DYN.TFRT.IN,6.885,6.922,6.953,6.976,6.989,6.993,6.99,6.982,6.97,6.954,6.935,6.913,6.887,6.855,6.818,6.771,6.714,6.645,6.564,6.473,6.375,6.273,6.17,6.068,5.97,5.921,5.81,5.681,5.552,5.452,5.36,5.262,5.123,4.953,4.723,4.494,4.257,4.052,3.898,3.727,3.545,3.366,3.192,3.033,2.9,2.726,2.555,2.409,2.298,2.246,2.329,2.329,2.153,2.067,2.031,1.968,1.966,1.93,1.804,1.698,1.591,1.554,1.533,1.522,1.511,
CRI,Latin America & Caribbean,Costa Rica,CRI,High income,"Fertility rate, total (births per woman)",SP.DYN.TFRT.IN,6.712,6.651,6.543,6.389,6.193,5.96,5.697,5.416,5.028,4.835,4.585,4.362,4.158,3.991,3.893,3.804,3.747,3.701,3.662,3.651,3.583,3.556,3.54,3.525,3.519,3.511,3.454,3.384,3.314,3.238,3.167,3.075,3.001,2.928,2.857,2.779,2.681,2.589,2.527,2.481,2.413,2.312,2.162,2.084,2.028,2.038,1.937,1.954,1.98,1.953,1.827,1.877,1.851,1.779,1.8,1.797,1.746,1.714,1.706,1.6,1.448,1.353,1.335,1.33,1.318,
CSS,,Caribbean small states,CSS,,"Fertility rate, total (births per woman)",SP.DYN.TFRT.IN,5.850235926,5.786309744,5.763466435,5.693913591,5.586649011,5.458156156,5.301503918,5.085006167,4.921551491,4.729489421,4.564061433,4.454387806,4.331563515,4.174787761,3.99559448,3.839581625,3.70574532,3.609142507,3.500002982,3.434677413,3.368334757,3.329110464,3.305551373,3.273992484,3.192464795,3.153524735,3.074911466,2.988464366,2.901667696,2.847439315,2.790276935,2.725995083,2.692243253,2.626276867,2.574846674,2.528313853,2.476292211,2.443219695,2.390713423,2.378579774,2.351377804,2.310669979,2.239824293,2.185252839,2.139705077,2.128453814,2.120134246,2.118776947,2.114850713,2.10828447,2.07173709,2.052888304,2.047529116,2.040209868,2.025658756,1.999183011,1.969562317,1.937264197,1.920452214,1.891793064,1.870361538,1.839671894,1.83848523,1.831680086,1.82976814,
CUB,Latin America & Caribbean,Cuba,CUB,Upper middle income,"Fertility rate, total (births per woman)",SP.DYN.TFRT.IN,4.129,4.265,4.421,4.559,4.528,4.504,4.398,4.294,4.194,4.124,3.981,3.799,3.612,3.402,3.164,2.824,2.506,2.209,1.884,1.771,1.637,1.591,1.776,1.801,1.774,1.772,1.779,1.8,1.853,1.832,1.806,1.663,1.562,1.489,1.467,1.481,1.457,1.59,1.617,1.64,1.608,1.595,1.645,1.627,1.546,1.486,1.402,1.436,1.576,1.678,1.673,1.734,1.668,1.678,1.655,1.685,1.6,1.585,1.607,1.54,1.489,1.427,1.412,1.439,1.445,
CUW,Latin America & Caribbean,Curacao,CUW,High income,"Fertility rate, total (births per woman)",SP.DYN.TFRT.IN,5.13,5.042,4.927,4.798,4.641,4.475,4.265,4.059,3.827,3.608,3.397,3.18,2.992,2.872,2.773,2.662,2.554,2.463,2.38,2.312,2.272,2.249,2.236,2.238,2.237,2.242,2.241,2.242,2.253,2.269,2.303,2.372,2.433,2.438,2.43,2.419,2.403,2.367,2.315,2.285,2.342,2.405,2.3,2.191,2.099,2.037,2.1,2,2.2,2.1,2.2,2.1,2.2,2.1,2,1.9,1.7,1.5,1.7,1.6,1.4,1.4,1.4,1.3,1.4,
CYM,Latin America & Caribbean,Cayman Islands,CYM,High income,"Fertility rate, total (births per woman)",SP.DYN.TFRT.IN,4.713,4.781,4.793,4.686,4.411,4.159,4.078,4.045,3.992,3.522,4.662,3.465,4.887,3.562,2.958,2.715,2.529,2.413,2.366,2.368,2.405,2.384,2.008,1.832,1.79,1.752,1.691,1.582,1.63,1.755,1.783,1.846,1.726,1.669,1.66,1.674,1.691,1.701,1.702,1.708,1.707,1.697,1.681,1.672,1.671,1.665,1.665,1.681,1.703,1.723,1.694,1.637,1.531,1.445,1.334,1.269,1.231,1.222,1.277,1.508,1.554,1.551,1.541,1.531,1.525,
CYP,Europe & Central Asia,Cyprus,CYP,High income,"Fertility rate, total (births per woman)",SP.DYN.TFRT.IN,3.393,3.619,3.51,3.494,3.409,3.47,3.395,3.324,3.267,3.188,3.065,3.036,2.988,2.403,2.28,2.107,2.327,2.089,2.079,2.136,2.298,2.154,2.487,2.493,2.512,2.432,2.452,2.388,2.47,2.369,2.402,2.34,2.459,2.247,2.163,2.032,1.953,1.86,1.761,1.672,1.638,1.566,1.497,1.505,1.512,1.479,1.509,1.449,1.479,1.475,1.434,1.36,1.382,1.304,1.312,1.323,1.357,1.323,1.319,1.33,1.361,1.392,1.393,1.389,1.38,
CZE,Europe & Central Asia,Czechia,CZE,High income,"Fertility rate, total (births per woman)",SP.DYN.TFRT.IN,2.09,2.11,2.12,2.31,2.34,2.18,2.02,1.91,1.84,1.87,1.92,2,2.09,2.31,2.46,2.43,2.39,2.34,2.33,2.27,2.08,2,2,1.97,1.97,1.95,1.92,1.91,1.94,1.87,1.9,1.86,1.71,1.67,1.44,1.28,1.18,1.17,1.16,1.13,1.15,1.15,1.17,1.18,1.23,1.29,1.34,1.45,1.51,1.51,1.51,1.43,1.45,1.46,1.53,1.57,1.63,1.69,1.71,1.71,1.74,1.83,1.64,1.46,1.36,
DEU,Europe & Central Asia,Germany,DEU,High income,"Fertility rate, total (births per woman)",SP.DYN.TFRT.IN,2.37,2.45,2.44,2.51,2.54,2.5,2.53,2.48,2.38,2.21,2.03,1.92,1.71,1.54,1.51,1.45,1.45,1.4,1.38,1.38,1.44,1.43,1.41,1.33,1.29,1.37,1.43,1.43,1.46,1.42,1.45,1.33,1.29,1.28,1.24,1.25,1.3,1.35,1.36,1.36,1.38,1.35,1.34,1.34,1.36,1.34,1.33,1.37,1.38,1.36,1.39,1.39,1.41,1.42,1.47,1.5,1.6,1.57,1.57,1.54,1.53,1.58,1.455,1.39,1.36,
DJI,Middle East & North Africa,Djibouti,DJI,Lower middle income,"Fertility rate, total (births per woman)",SP.DYN.TFRT.IN,6.847,6.848,6.854,6.86,6.872,6.864,6.875,6.87,6.876,6.878,6.879,6.882,6.851,6.817,6.78,6.737,6.691,6.64,6.586,6.523,6.46,6.397,6.342,6.298,6.247,6.192,6.139,6.086,6.03,5.973,5.931,5.856,5.751,5.638,5.507,5.331,5.149,4.966,4.795,4.687,4.601,4.518,4.41,4.296,4.162,4.035,3.899,3.756,3.621,3.521,3.431,3.341,3.255,3.187,3.116,3.041,2.969,2.916,2.858,2.798,2.745,2.699,2.653,2.609,2.618,
DMA,Latin America & Caribbean,Dominica,DMA,Upper middle income,"Fertility rate, total (births per woman)",SP.DYN.TFRT.IN,6.178,6.156,6.122,6.084,6.027,5.952,5.856,5.737,5.587,5.412,5.215,4.985,4.671,4.275,3.842,3.461,3.191,3.02,2.955,2.96,3.035,3.114,3.166,3.178,3.151,3.116,3.084,3.063,3.056,3.059,3.092,3.145,3.177,3.201,2.964,2.708,2.546,2.406,2.315,2.458,2.346,2.399,2.16,2.075,2.023,1.998,2.074,2.022,1.968,1.918,1.887,1.861,1.827,1.778,1.713,1.648,1.581,1.54,1.517,1.504,1.495,1.484,1.482,1.484,1.48,
DNK,Europe & Central Asia,Denmark,DNK,High income,"Fertility rate, total (births per woman)",SP.DYN.TFRT.IN,2.57,2.55,2.55,2.67,2.6,2.61,2.62,2.35,2.12,2,1.95,2.04,2.03,1.92,1.9,1.92,1.75,1.66,1.67,1.6,1.55,1.44,1.43,1.38,1.4,1.45,1.48,1.5,1.56,1.62,1.67,1.68,1.76,1.75,1.81,1.8,1.75,1.75,1.72,1.73,1.77,1.74,1.72,1.76,1.78,1.8,1.85,1.84,1.89,1.84,1.87,1.75,1.73,1.67,1.69,1.71,1.79,1.75,1.73,1.7,1.68,1.72,1.55,1.5,1.47,
DOM,Latin America & Caribbean,Dominican Republic,DOM,Upper middle income,"Fertility rate, total (births per woman)",SP.DYN.TFRT.IN,7.555,7.487,7.404,7.303,7.186,7.053,6.949,6.755,6.548,6.366,6.184,6.009,5.841,5.667,5.44,5.235,5.046,4.842,4.644,4.473,4.302,4.149,4.014,3.947,3.822,3.686,3.603,3.528,3.5,3.475,3.411,3.349,3.287,3.226,3.163,3.101,3.04,2.922,2.835,2.846,2.869,2.827,2.764,2.703,2.641,2.574,2.508,2.51,2.546,2.574,2.556,2.527,2.497,2.474,2.451,2.43,2.41,2.398,2.397,2.366,2.329,2.294,2.267,2.243,2.222,
DZA,Middle East & North Africa,Algeria,DZA,Upper middle income,"Fertility rate, total (births per woman)",SP.DYN.TFRT.IN,7.503,7.564,7.607,7.649,7.672,7.711,7.71,7.712,7.711,7.709,7.704,7.671,7.634,7.592,7.545,7.485,7.405,7.312,7.211,7.119,6.994,6.845,6.675,6.496,6.283,6.035,5.645,5.298,5.023,4.761,4.509,4.366,4.274,4.076,3.914,3.487,3.139,2.886,2.691,2.62,2.59,2.519,2.429,2.451,2.5,2.562,2.628,2.704,2.785,2.825,2.875,2.899,2.996,2.997,3.084,3.091,3.091,3.09,3.019,2.997,2.94,2.87,2.817,2.766,2.723,
EAP,,East Asia & Pacific (excluding high income),EAP,,"Fertility rate, total (births per woman)",SP.DYN.TFRT.IN,4.831101817,4.377555499,6.018551264,7.057744847,6.442371026,6.386630391,6.160777924,5.791819141,6.290984384,6.034241111,5.947604525,5.514745257,5.195677411,4.880695115,4.426226782,3.963215758,3.685698668,3.369256983,3.248699611,3.240301528,3.20575488,3.212196425,3.317957368,2.990406942,2.990124908,2.960743445,2.979299024,2.973541746,2.791135873,2.757166884,2.731723293,2.300751454,2.163106328,2.085137698,2.023475927,1.978175293,1.937592586,1.899658811,1.873961133,1.860120637,1.917300064,1.864526549,1.85702469,1.851426862,1.869056506,1.876442757,1.890555802,1.907584135,1.928812503,1.934779528,1.913499932,1.905302293,1.991077659,1.92218249,1.95215689,1.878533301,1.928453321,1.925831113,1.740434751,1.704804301,1.527896895,1.440493468,1.385526489,1.361404499,1.368291937,
EAR,,Early-demographic dividend,EAR,,"Fertility rate, total (births per woman)",SP.DYN.TFRT.IN,6.153666923,6.166688727,6.17614834,6.179525164,6.176641331,6.148527626,6.109674519,6.071560345,6.024224987,5.971191951,5.918283779,5.857553033,5.782878649,5.708093337,5.627512699,5.533171572,5.464866269,5.369839045,5.288438331,5.217524923,5.159260517,5.078379371,5.003746027,4.929095189,4.852164994,4.745529268,4.658145088,4.553872373,4.45133843,4.348445746,4.245003804,4.147672859,4.040874633,3.946921794,3.857884288,3.765824799,3.677273926,3.598909073,3.521170227,3.451845704,3.391239051,3.330787398,3.253052165,3.178684146,3.115006277,3.057744556,3.006105368,2.953671857,2.911765701,2.873071563,2.82072262,2.776934365,2.736365965,2.686929619,2.626823553,2.606063609,2.575438289,2.515369029,2.482159453,2.427795618,2.37325097,2.341674871,2.318951798,2.298166546,2.280200892,
EAS,,East Asia & Pacific,EAS,,"Fertility rate, total (births per woman)",SP.DYN.TFRT.IN,4.552018956,4.158860574,5.526641493,6.388445976,5.863959088,5.819039433,5.567157319,5.322086604,5.737171467,5.523228674,5.457630942,5.096941747,4.814682341,4.546178269,4.141613426,3.72018112,3.469872538,3.191509132,3.081161034,3.081821167,3.049551862,3.050512682,3.141160743,2.850007022,2.842191819,2.811892794,2.822114512,2.815969774,2.658185628,2.621210654,2.600539805,2.221996671,2.101066639,2.027719627,1.975723871,1.930398346,1.893155456,1.856686206,1.827848123,1.81413031,1.870301319,1.813928016,1.803608421,1.796595489,1.812252704,1.816201682,1.834497596,1.854734407,1.873871554,1.878168772,1.860335782,1.855752875,1.938470057,1.870797029,1.899013372,1.834270868,1.876589886,1.870102795,1.699157511,1.66210563,1.496747123,1.416803996,1.362748922,1.33559056,1.340884975,
ECA,,Europe & Central Asia (excluding high income),ECA,,"Fertility rate, total (births per woman)",SP.DYN.TFRT.IN,3.941829449,3.930687842,3.91627036,3.889027661,3.829172437,3.775435842,3.781770599,3.747940171,3.701584939,3.668797936,3.671119985,3.665251784,3.642305354,3.572312293,3.530365105,3.477714113,3.421853493,3.344163771,3.287560618,3.244963089,3.197960293,3.152663692,3.127749598,3.140611377,3.118855787,3.070190045,3.068279554,3.012424179,2.942333091,2.850690567,2.747732732,2.694374599,2.607265266,2.520256363,2.431067736,2.367908522,2.264131542,2.202152244,2.151886585,2.080701897,2.004741504,1.956820964,1.92607199,1.927213271,1.959228091,1.951662402,1.985772748,2.018441993,2.0658605,2.059148764,2.048381304,2.036878781,2.086133046,2.105600096,2.158994245,2.143478723,2.124548021,2.077557309,2.071648153,2.058539272,2.049481889,2.054122193,1.998423654,1.984252543,1.961813716,
ECS,,Europe & Central Asia,ECS,,"Fertility rate, total (births per woman)",SP.DYN.TFRT.IN,2.838483685,2.832079266,2.810837949,2.809316205,2.800414118,2.748435573,2.721897473,2.726671434,2.670049119,2.613109632,2.565983608,2.551532811,2.491361299,2.422857066,2.408653608,2.354012656,2.317474403,2.261263882,2.223576743,2.200846752,2.175630687,2.139637026,2.145180355,2.138917842,2.116764823,2.103687141,2.116135618,2.106104897,2.075588491,2.015330876,1.966372833,1.900562116,1.827744903,1.754270023,1.711749406,1.662660372,1.626627357,1.603349094,1.588336556,1.557415983,1.559720977,1.54277623,1.546151496,1.56349486,1.592428465,1.588322128,1.618372692,1.660178141,1.716618728,1.718230827,1.725709747,1.709518672,1.744237249,1.736049036,1.772062113,1.773102857,1.779260984,1.736555314,1.716409506,1.68818759,1.670750644,1.683841556,1.616977769,1.578002372,1.553408508,
ECU,Latin America & Caribbean,Ecuador,ECU,Upper middle income,"Fertility rate, total (births per woman)",SP.DYN.TFRT.IN,6.721,6.7,6.676,6.646,6.61,6.564,6.507,6.436,6.351,6.252,6.138,6.011,5.873,5.727,5.577,5.426,5.276,5.13,4.989,4.855,4.73,4.612,4.501,4.395,4.305,4.145,4,3.87,3.787,3.736,3.68,3.633,3.575,3.491,3.42,3.381,3.351,3.288,3.228,3.166,3.102,3.037,2.972,2.911,2.853,2.8,2.753,2.704,2.688,2.678,2.615,2.605,2.509,2.362,2.274,2.209,2.122,2.128,2.111,2.035,1.967,1.909,1.861,1.823,1.806,
EGY,Middle East & North Africa,"Egypt, Arab Rep.",EGY,Lower middle income,"Fertility rate, total (births per woman)",SP.DYN.TFRT.IN,6.793,6.758,6.709,6.648,6.541,6.387,6.308,6.252,6.193,6.12,6.059,5.99,5.929,5.843,5.784,5.749,5.727,5.678,5.629,5.569,5.494,5.368,5.329,5.308,5.207,5.116,4.998,4.911,4.833,4.676,4.512,4.315,4.149,3.993,3.865,3.764,3.7,3.682,3.681,3.599,3.505,3.46,3.412,3.352,3.283,3.254,3.223,3.237,3.238,3.259,3.296,3.311,3.4,3.49,3.49,3.5,3.35,3.31,3.02,2.87,2.85,2.75,2.75,2.75,2.735,
EMU,,Euro area,EMU,,"Fertility rate, total (births per woman)",SP.DYN.TFRT.IN,2.591222443,2.620043925,2.623396347,2.658762691,2.709119074,2.657357699,2.6382571,2.593889412,2.534257373,2.473000244,2.377563388,2.331199854,2.226457097,2.130033738,2.102271024,2.02701393,1.98890299,1.916234506,1.861613465,1.812731187,1.784071725,1.735591309,1.709688027,1.653117604,1.61736345,1.604854517,1.594683702,1.570442435,1.57719858,1.541205616,1.543460755,1.494157379,1.470652041,1.43725935,1.398690714,1.382544288,1.396254192,1.412801807,1.410876098,1.425927935,1.464958314,1.451284528,1.45395081,1.468398769,1.491991593,1.495763794,1.521292547,1.537262149,1.577716425,1.563876558,1.575010717,1.555085586,1.550729144,1.529641731,1.553498329,1.55155184,1.57202367,1.548825491,1.530298315,1.508695275,1.48241672,1.510738846,1.446607684,1.384843531,1.353445347,
ERI,Sub-Saharan Africa,Eritrea,ERI,Low income,"Fertility rate, total (births per woman)",SP.DYN.TFRT.IN,6.483,6.474,6.496,6.481,6.487,6.494,6.497,6.504,6.503,6.503,6.541,6.541,6.538,6.548,6.567,6.586,6.603,6.608,6.607,6.621,6.614,6.622,6.634,6.646,6.623,6.587,6.555,6.52,6.467,6.413,6.338,6.242,6.156,6.069,6.005,5.939,5.841,5.743,5.633,5.516,5.397,5.306,5.233,5.143,5.036,4.934,4.881,4.812,4.737,4.656,4.571,4.486,4.407,4.335,4.273,4.217,4.164,4.112,4.056,3.997,3.933,3.867,3.786,3.713,3.68,
ESP,Europe & Central Asia,Spain,ESP,High income,"Fertility rate, total (births per woman)",SP.DYN.TFRT.IN,2.86,2.77,2.8,2.88,3.01,2.94,2.91,2.94,2.87,2.86,2.84,2.9,2.87,2.84,2.88,2.77,2.77,2.65,2.54,2.37,2.22,2.04,1.94,1.8,1.73,1.64,1.56,1.49,1.45,1.4,1.36,1.33,1.31,1.26,1.19,1.16,1.14,1.15,1.13,1.17,1.22,1.23,1.25,1.3,1.31,1.33,1.36,1.38,1.45,1.38,1.37,1.34,1.32,1.27,1.32,1.33,1.33,1.31,1.26,1.23,1.18,1.18,1.16,1.12,1.1,
EST,Europe & Central Asia,Estonia,EST,High income,"Fertility rate, total (births per woman)",SP.DYN.TFRT.IN,1.98,1.98,1.95,1.89,1.94,1.88,1.87,1.9,2.03,2.13,2.17,2.19,2.13,2.06,2.07,2.04,2.07,2.06,2.02,2,2.02,2.07,2.07,2.16,2.17,2.13,2.18,2.27,2.27,2.22,2.05,1.8,1.71,1.49,1.42,1.38,1.37,1.32,1.28,1.3,1.36,1.32,1.36,1.37,1.47,1.52,1.58,1.69,1.72,1.7,1.72,1.61,1.56,1.52,1.54,1.58,1.6,1.59,1.67,1.66,1.58,1.61,1.41,1.31,1.18,
ETH,Sub-Saharan Africa,Ethiopia,ETH,Low income,"Fertility rate, total (births per woman)",SP.DYN.TFRT.IN,6.514,6.533,6.561,6.586,6.612,6.63,6.661,6.684,6.7,6.719,6.782,6.838,6.895,6.962,7.018,7.079,7.129,7.189,7.229,7.248,7.287,7.313,7.337,7.351,7.356,7.338,7.318,7.293,7.262,7.229,7.196,7.161,7.125,7.088,7.051,6.998,6.928,6.869,6.792,6.721,6.654,6.579,6.499,6.4,6.301,6.194,6.047,5.887,5.695,5.488,5.282,5.08,4.887,4.708,4.605,4.529,4.473,4.401,4.371,4.347,4.274,4.177,4.082,3.989,3.909,
EUU,,European Union,EUU,,"Fertility rate, total (births per woman)",SP.DYN.TFRT.IN,2.571484063,2.571271171,2.554821844,2.587901012,2.616023593,2.562884334,2.529073055,2.586846822,2.523739312,2.44429422,2.353103536,2.312325612,2.225770611,2.151212173,2.158305598,2.094348156,2.056680311,1.990268785,1.939731624,1.903589565,1.869851364,1.819144278,1.795300897,1.749813525,1.729480244,1.723067734,1.710159639,1.684816528,1.687586397,1.651327328,1.635401067,1.584212215,1.545492615,1.502942298,1.458105843,1.41557612,1.413487992,1.415916936,1.40566054,1.407946451,1.441359776,1.423053929,1.421192523,1.432524092,1.45605849,1.466607156,1.494555453,1.515156676,1.565015499,1.557406745,1.563461619,1.529594071,1.53161547,1.508250139,1.538157344,1.54031619,1.570601823,1.564664732,1.547341626,1.52767032,1.504094893,1.524323798,1.454868077,1.383748049,1.340870007,
FIN,Europe & Central Asia,Finland,FIN,High income,"Fertility rate, total (births per woman)",SP.DYN.TFRT.IN,2.72,2.72,2.68,2.68,2.59,2.48,2.41,2.32,2.14,1.93,1.83,1.68,1.58,1.49,1.61,1.68,1.7,1.68,1.64,1.64,1.63,1.64,1.71,1.74,1.69,1.64,1.6,1.59,1.69,1.71,1.78,1.79,1.85,1.81,1.85,1.81,1.78,1.75,1.7,1.73,1.73,1.73,1.72,1.76,1.8,1.8,1.84,1.83,1.85,1.86,1.87,1.83,1.8,1.75,1.71,1.65,1.57,1.49,1.41,1.35,1.37,1.46,1.32,1.26,1.25,
FJI,East Asia & Pacific,Fiji,FJI,Upper middle income,"Fertility rate, total (births per woman)",SP.DYN.TFRT.IN,6.364,6.284,6.198,6.088,5.96,5.763,5.546,5.333,5.113,4.905,4.708,4.51,4.316,4.158,4.068,4.104,4.123,4.108,4.098,4.078,4.038,3.991,3.941,3.877,3.796,3.663,3.535,3.478,3.432,3.398,3.386,3.365,3.331,3.293,3.258,3.251,3.248,3.188,3.118,3.051,2.992,2.973,2.968,2.957,2.941,2.917,2.905,2.872,2.819,2.76,2.696,2.631,2.612,2.604,2.591,2.567,2.518,2.461,2.419,2.385,2.357,2.332,2.305,2.281,2.27,
FRA,Europe & Central Asia,France,FRA,High income,"Fertility rate, total (births per woman)",SP.DYN.TFRT.IN,2.85,2.87,2.89,2.89,2.87,2.84,2.8,2.75,2.69,2.62,2.55,2.47,2.38,2.28,2.18,2.09,2.01,1.94,1.89,1.87,1.85,1.85,1.86,1.86,1.86,1.86,1.85,1.83,1.81,1.79,1.77,1.75,1.74,1.73,1.73,1.74,1.75,1.77,1.78,1.81,1.89,1.9,1.88,1.89,1.92,1.94,2,1.98,2.01,2,2.03,2.01,2.01,1.99,2,1.96,1.92,1.89,1.87,1.86,1.82,1.83,1.78,1.66,1.61,
FRO,Europe & Central Asia,Faroe Islands,FRO,High income,"Fertility rate, total (births per woman)",SP.DYN.TFRT.IN,3.854,3.757,3.835,3.896,3.975,4.086,4.044,3.978,3.856,3.564,3.418,3.215,3.256,3.22,3.065,2.902,2.738,2.684,2.597,2.696,2.463,2.467,2.348,2.161,2.167,2.3053,2.4244,2.3514,2.5583,2.7128,2.8093,2.6341,2.5236,2.5136,2.39,2.4177,2.5692,2.4921,2.3163,2.3082,2.5604,2.297,2.5436,2.5267,2.5775,2.6115,2.4764,2.5395,2.5294,2.3435,2.5033,2.2832,2.5311,2.5099,2.5485,2.411,2.6078,2.4684,2.5015,2.4187,2.3301,2.3109,2.0788,1.8676,1.9129,
FSM,East Asia & Pacific,"Micronesia, Fed. Sts.",FSM,Upper middle income,"Fertility rate, total (births per woman)",SP.DYN.TFRT.IN,6.742,6.74,6.729,6.713,6.737,6.743,6.781,6.81,6.84,6.877,6.928,6.938,6.961,6.971,6.928,6.879,6.818,6.742,6.65,6.545,6.423,6.291,6.164,6.032,5.888,5.749,5.612,5.466,5.323,5.183,5.049,4.92,4.802,4.678,4.575,4.494,4.427,4.355,4.301,4.27,4.217,4.084,3.934,3.785,3.681,3.595,3.514,3.439,3.368,3.313,3.271,3.223,3.18,3.133,3.091,3.049,3.001,2.957,2.922,2.883,2.852,2.818,2.785,2.748,2.743,
GAB,Sub-Saharan Africa,Gabon,GAB,Upper middle income,"Fertility rate, total (births per woman)",SP.DYN.TFRT.IN,4.422,4.504,4.587,4.649,4.713,4.785,4.861,4.919,4.984,5.049,5.097,5.163,5.237,5.287,5.327,5.391,5.457,5.516,5.568,5.608,5.664,5.726,5.74,5.759,5.733,5.713,5.688,5.667,5.623,5.55,5.459,5.373,5.289,5.186,5.044,4.884,4.742,4.657,4.576,4.502,4.469,4.417,4.36,4.299,4.252,4.21,4.17,4.142,4.118,4.138,4.153,4.151,4.086,4.019,3.953,3.921,3.921,3.913,3.908,3.884,3.831,3.776,3.712,3.647,3.592,
GBR,Europe & Central Asia,United Kingdom,GBR,High income,"Fertility rate, total (births per woman)",SP.DYN.TFRT.IN,2.69,2.78,2.86,2.88,2.93,2.86,2.78,2.68,2.6,2.51,2.44,2.41,2.2,2.04,1.92,1.81,1.74,1.69,1.75,1.86,1.9,1.82,1.78,1.77,1.77,1.79,1.78,1.81,1.82,1.79,1.83,1.82,1.79,1.76,1.74,1.71,1.73,1.72,1.71,1.68,1.64,1.63,1.63,1.7,1.75,1.76,1.82,1.86,1.91,1.89,1.92,1.91,1.92,1.83,1.81,1.8,1.79,1.74,1.68,1.632,1.571,1.583,1.56,1.56,1.551,
GEO,Europe & Central Asia,Georgia,GEO,Upper middle income,"Fertility rate, total (births per woman)",SP.DYN.TFRT.IN,2.942,2.943,2.937,2.949,2.891,2.774,2.728,2.743,2.689,2.687,2.695,2.707,2.674,2.617,2.565,2.552,2.51,2.441,2.417,2.382,2.347,2.33,2.312,2.339,2.378,2.399,2.38,2.319,2.318,2.322,2.306,2.208,2.045,1.912,1.835,1.807,1.759,1.728,1.703,1.643,1.609,1.579,1.571,1.552,1.566,1.583,1.617,1.697,1.832,1.993,1.973,1.915,1.929,1.993,2.18,2.214,2.228,2.136,2.093,2.021,1.976,1.98,1.82,1.81,1.802,
GHA,Sub-Saharan Africa,Ghana,GHA,Lower middle income,"Fertility rate, total (births per woman)",SP.DYN.TFRT.IN,6.89,6.912,6.942,6.936,6.902,6.88,6.862,6.893,6.892,6.954,6.952,6.946,6.916,6.872,6.822,6.762,6.703,6.637,6.564,6.513,6.474,6.415,6.312,6.227,6.153,6.119,6.084,6.022,5.922,5.818,5.737,5.63,5.517,5.414,5.254,5.106,4.959,4.884,4.829,4.822,4.827,4.768,4.687,4.597,4.504,4.496,4.399,4.288,4.217,4.179,4.181,4.177,4.154,4.114,4.029,3.982,3.873,3.715,3.65,3.593,3.541,3.492,3.434,3.397,3.344,
GIB,Europe & Central Asia,Gibraltar,GIB,High income,"Fertility rate, total (births per woman)",SP.DYN.TFRT.IN,3.102,3.26,3.528,4.061,4.26,3.989,3.604,3.183,2.98,2.949,2.948,2.944,2.788,2.671,2.596,2.527,2.479,2.468,2.486,2.523,2.567,2.534,2.491,2.436,2.398,2.371,2.356,2.35,2.345,2.353,2.39,2.431,2.443,2.42,2.38,2.334,2.251,2.233,2.204,2.189,2.185,2.104,1.683,1.634,1.689,1.754,1.802,1.852,1.903,1.926,1.954,1.974,1.999,2.099,2.084,2.074,1.94,1.93,1.921,1.912,1.907,1.899,1.895,1.888,1.885,
GIN,Sub-Saharan Africa,Guinea,GIN,Lower middle income,"Fertility rate, total (births per woman)",SP.DYN.TFRT.IN,6.112,6.126,6.14,6.153,6.166,6.178,6.19,6.202,6.214,6.228,6.243,6.262,6.283,6.308,6.336,6.367,6.4,6.434,6.44,6.45,6.459,6.459,6.487,6.487,6.512,6.527,6.548,6.571,6.561,6.548,6.515,6.484,6.453,6.409,6.358,6.288,6.205,6.123,6.051,5.985,5.918,5.834,5.781,5.744,5.733,5.727,5.704,5.664,5.596,5.528,5.435,5.337,5.232,5.151,5.07,5.002,4.915,4.793,4.669,4.576,4.489,4.399,4.303,4.217,4.131,
GMB,Sub-Saharan Africa,"Gambia, The",GMB,Low income,"Fertility rate, total (births per woman)",SP.DYN.TFRT.IN,6.246,6.228,6.213,6.202,6.195,6.192,6.183,6.206,6.221,6.246,6.257,6.33,6.366,6.405,6.415,6.428,6.434,6.433,6.421,6.411,6.414,6.399,6.396,6.393,6.385,6.357,6.344,6.3,6.258,6.254,6.246,6.191,6.111,6.034,6.035,5.994,5.925,5.851,5.818,5.772,5.716,5.67,5.656,5.656,5.683,5.708,5.736,5.685,5.625,5.574,5.558,5.542,5.519,5.392,5.197,5.003,4.809,4.614,4.42,4.33,4.248,4.165,4.078,4.006,3.907,
GNB,Sub-Saharan Africa,Guinea-Bissau,GNB,Low income,"Fertility rate, total (births per woman)",SP.DYN.TFRT.IN,5.921,5.931,5.941,5.951,5.961,5.971,5.982,5.994,6.008,6.024,6.041,6.06,6.078,6.098,6.12,6.15,6.192,6.249,6.32,6.401,6.487,6.569,6.64,6.694,6.727,6.739,6.734,6.717,6.693,6.663,6.501,6.474,6.435,6.369,6.299,6.223,6.141,6.06,5.97,5.871,5.786,5.688,5.634,5.577,5.5,5.46,5.406,5.365,5.266,5.176,5.111,5.067,5.003,4.93,4.79,4.661,4.519,4.347,4.241,4.153,4.075,3.998,3.911,3.836,3.757,
GNQ,Sub-Saharan Africa,Equatorial Guinea,GNQ,Upper middle income,"Fertility rate, total (births per woman)",SP.DYN.TFRT.IN,5.653,5.661,5.673,5.69,5.711,5.734,5.756,5.776,5.791,5.802,5.808,5.808,5.805,5.8,5.795,5.791,5.791,5.795,5.804,5.817,5.835,5.856,5.88,5.903,5.926,5.946,5.962,5.974,5.982,5.986,5.987,5.985,5.984,5.981,5.978,5.971,5.96,5.941,5.914,5.878,5.834,5.785,5.731,5.675,5.618,5.559,5.498,5.433,5.363,5.288,5.209,5.126,5.04,4.952,4.863,4.774,4.686,4.599,4.513,4.429,4.346,4.266,4.17,4.081,4.116,
GRC,Europe & Central Asia,Greece,GRC,High income,"Fertility rate, total (births per woman)",SP.DYN.TFRT.IN,2.23,2.13,2.16,2.14,2.24,2.25,2.32,2.45,2.42,2.36,2.4,2.32,2.32,2.27,2.38,2.33,2.35,2.27,2.28,2.26,2.23,2.09,2.03,1.94,1.83,1.67,1.6,1.5,1.5,1.4,1.39,1.37,1.36,1.32,1.33,1.28,1.26,1.27,1.24,1.23,1.25,1.25,1.28,1.29,1.31,1.34,1.4,1.41,1.5,1.5,1.48,1.4,1.34,1.29,1.3,1.33,1.38,1.35,1.35,1.34,1.39,1.43,1.32,1.26,1.24,
GRD,Latin America & Caribbean,Grenada,GRD,Upper middle income,"Fertility rate, total (births per woman)",SP.DYN.TFRT.IN,6.743,6.627,6.442,6.196,5.906,5.597,5.3,5.04,4.835,4.69,4.46,4.307,4.175,4.046,3.92,3.754,3.597,3.457,3.351,3.344,3.298,2.989,3.154,3.306,3.224,3.478,3.584,3.581,3.193,3.233,3.058,3.106,2.97,2.805,2.794,2.822,2.848,2.803,2.494,2.392,2.441,2.421,2.378,2.332,2.285,2.242,2.195,2.154,2.116,2.078,2.038,2.006,1.967,1.913,1.799,1.715,1.616,1.438,1.53,1.542,1.532,1.517,1.502,1.487,1.472,
GRL,Europe & Central Asia,Greenland,GRL,High income,"Fertility rate, total (births per woman)",SP.DYN.TFRT.IN,6.686,6.781,6.785,6.757,6.654,6.419,6.031,5.545,4.928,4.209,3.541,3.202,3.012,2.739,2.45,2.345,2.255,2.349,2.197,2.187,2.435,2.332,2.236,2.054,2.107,2.241,2.044,2.083,2.317,2.299,2.444,2.421,2.607,2.578,2.524,2.545,2.521,2.78,2.491,2.475,2.406,2.506,2.613,2.328,2.442,2.326,2.28,2.223,2.249,2.344,2.184,2.097,2.006,2.069,1.987,2.116,2.066,2.125,2.024,2.115,2.109,1.82,1.818,1.769,1.706,
GTM,Latin America & Caribbean,Guatemala,GTM,Upper middle income,"Fertility rate, total (births per woman)",SP.DYN.TFRT.IN,6.999,6.979,6.934,6.899,6.871,6.839,6.802,6.755,6.699,6.646,6.6,6.546,6.511,6.487,6.458,6.41,6.368,6.319,6.261,6.216,6.171,6.121,6.057,5.976,5.855,5.729,5.663,5.639,5.621,5.559,5.48,5.377,5.314,5.254,5.191,5.105,5.008,4.906,4.8,4.687,4.583,4.502,4.371,4.25,4.134,3.974,3.845,3.716,3.571,3.465,3.375,3.292,3.219,3.151,3.088,3.029,2.973,2.857,2.743,2.593,2.47,2.388,2.343,2.311,2.287,
GUM,East Asia & Pacific,Guam,GUM,High income,"Fertility rate, total (births per woman)",SP.DYN.TFRT.IN,5.969,5.948,5.899,5.571,5.393,5.137,5.072,4.646,4.346,4.44,4.343,4.202,4.046,3.89,3.764,3.658,3.534,3.363,3.105,3.033,3.039,2.969,2.912,3.029,2.855,2.905,2.934,2.966,2.986,3.001,3.015,3.028,3.042,3.054,3.044,3.04,3.033,3.023,3.008,2.969,2.915,2.817,2.582,2.657,2.772,2.638,2.807,2.905,2.905,2.891,2.973,2.876,3.117,2.883,2.946,2.933,3.171,3.088,2.995,2.938,2.895,2.856,2.819,2.781,2.748,
GUY,Latin America & Caribbean,Guyana,GUY,High income,"Fertility rate, total (births per woman)",SP.DYN.TFRT.IN,6.331,6.339,6.333,6.307,6.232,6.135,6.021,5.888,5.751,5.581,5.411,5.257,5.077,4.866,4.638,4.45,4.28,4.116,3.967,3.86,3.77,3.719,3.678,3.637,3.541,3.47,3.381,3.305,3.228,3.186,3.181,3.183,3.188,3.199,3.226,3.238,3.23,3.221,3.182,3.125,3.057,2.958,2.844,2.75,2.681,2.648,2.659,2.681,2.697,2.694,2.684,2.694,2.701,2.711,2.695,2.667,2.634,2.593,2.553,2.521,2.491,2.462,2.437,2.412,2.395,
HIC,,High income,HIC,,"Fertility rate, total (births per woman)",SP.DYN.TFRT.IN,2.939834568,2.920469077,2.868503577,2.836732913,2.805664939,2.716818192,2.575547039,2.608738316,2.535625111,2.490258417,2.457546559,2.403885461,2.284781107,2.207783423,2.167357962,2.086722863,2.040910775,2.008601968,1.968382183,1.973218776,1.960763202,1.924291533,1.928453581,1.901720045,1.874433871,1.870262828,1.864137144,1.867806674,1.871737987,1.850182481,1.848246527,1.804410235,1.763267437,1.711449835,1.695624213,1.655164353,1.640360804,1.624180519,1.61580518,1.603647204,1.635216719,1.60621399,1.599494119,1.610345948,1.621277325,1.613931533,1.650195389,1.686507239,1.704988346,1.687330745,1.676089785,1.662604017,1.683369816,1.656447526,1.67501244,1.676628836,1.67311808,1.629407085,1.599047148,1.558901575,1.514434577,1.522084134,1.474926607,1.43489678,1.424976388,
HKG,East Asia & Pacific,"Hong Kong SAR, China",HKG,High income,"Fertility rate, total (births per woman)",SP.DYN.TFRT.IN,5.085,5.169,5.177,5.152,5.085,4.923,4.464,4.123,3.783,3.599,3.386,3.459,3.315,3.177,2.967,2.666,2.48,2.376,2.272,2.12,2.047,1.933,1.86,1.722,1.559,1.491,1.367,1.311,1.4,1.296,1.272,1.281,1.347,1.342,1.355,1.295,1.191,1.127,1.016,0.981,1.032,0.931,0.941,0.901,0.922,0.959,0.984,1.028,1.064,1.055,1.127,1.204,1.285,1.125,1.235,1.196,1.205,1.128,1.08,1.064,0.883,0.772,0.701,0.751,0.841,
HND,Latin America & Caribbean,Honduras,HND,Lower middle income,"Fertility rate, total (births per woman)",SP.DYN.TFRT.IN,7.458,7.448,7.443,7.441,7.443,7.442,7.41,7.359,7.295,7.228,7.172,7.113,7.058,6.985,6.913,6.866,6.814,6.732,6.634,6.531,6.418,6.301,6.179,6.059,5.935,5.816,5.7,5.581,5.468,5.354,5.271,5.191,5.113,5.028,4.935,4.835,4.713,4.59,4.473,4.366,4.289,4.153,4,3.844,3.71,3.577,3.449,3.351,3.26,3.173,3.078,2.998,2.927,2.855,2.793,2.746,2.704,2.663,2.645,2.611,2.577,2.548,2.522,2.5,2.476,
HPC,,Heavily indebted poor countries (HIPC),HPC,,"Fertility rate, total (births per woman)",SP.DYN.TFRT.IN,6.648680912,6.665492921,6.687318143,6.70819006,6.727480911,6.746923765,6.772688642,6.797438771,6.817408505,6.835012138,6.855267121,6.873789348,6.888134563,6.898104517,6.910179397,6.91632416,6.920379664,6.923330834,6.918874465,6.911094788,6.901376087,6.881246068,6.855592466,6.828658584,6.799534644,6.767965911,6.736006401,6.700178655,6.65840335,6.613378116,6.5679864,6.521645229,6.476502348,6.430473598,6.377013573,6.327923817,6.276143305,6.234112011,6.188258946,6.13851578,6.084082238,6.018396384,5.957472854,5.900480072,5.850194771,5.801209573,5.739362152,5.668158258,5.601579217,5.53622221,5.463708166,5.379560607,5.298035707,5.21610354,5.135034856,5.059746857,4.99025635,4.915104747,4.840195212,4.767555792,4.692827679,4.618106871,4.546545651,4.477609318,4.409648113,
HRV,Europe & Central Asia,Croatia,HRV,High income,"Fertility rate, total (births per woman)",SP.DYN.TFRT.IN,2.239,2.219,2.192,2.145,2.142,2.224,2.227,2.102,2.027,1.951,1.882,1.974,2.007,2.013,1.983,1.951,1.936,1.947,1.955,1.947,1.931,1.926,1.9,1.88,1.87,1.82,1.76,1.64,1.79,1.63,1.63,1.53,1.48,1.52,1.47,1.58,1.67,1.69,1.45,1.38,1.39,1.46,1.42,1.41,1.43,1.5,1.47,1.48,1.47,1.5,1.46,1.41,1.52,1.46,1.46,1.41,1.43,1.42,1.47,1.47,1.48,1.62,1.53,1.46,1.46,
HTI,Latin America & Caribbean,Haiti,HTI,Lower middle income,"Fertility rate, total (births per woman)",SP.DYN.TFRT.IN,6.178,6.179,6.175,6.173,6.164,6.129,6.093,6.051,6.009,5.957,5.911,5.877,5.849,5.811,5.781,5.748,5.71,5.674,5.642,5.594,5.557,5.533,5.526,5.513,5.505,5.495,5.479,5.471,5.472,5.444,5.414,5.317,5.208,5.099,4.991,4.884,4.777,4.669,4.561,4.452,4.39,4.248,4.125,4.047,3.943,3.835,3.761,3.687,3.621,3.565,3.497,3.431,3.321,3.221,3.164,3.11,3.054,2.985,2.924,2.862,2.804,2.748,2.699,2.656,2.625,
HUN,Europe & Central Asia,Hungary,HUN,High income,"Fertility rate, total (births per woman)",SP.DYN.TFRT.IN,2.02,1.94,1.79,1.82,1.82,1.82,1.89,2.01,2.06,2.04,1.98,1.93,1.93,1.93,2.27,2.35,2.23,2.15,2.06,2.01,1.91,1.88,1.8,1.75,1.75,1.85,1.84,1.82,1.81,1.82,1.87,1.87,1.77,1.68,1.64,1.57,1.46,1.37,1.32,1.28,1.32,1.31,1.3,1.27,1.28,1.31,1.34,1.32,1.35,1.32,1.25,1.23,1.34,1.36,1.45,1.46,1.55,1.56,1.57,1.58,1.61,1.63,1.57,1.55,1.41,
IBD,,IBRD only,IBD,,"Fertility rate, total (births per woman)",SP.DYN.TFRT.IN,4.963764961,4.760352809,5.510068165,5.979157068,5.681882676,5.630671736,5.501776261,5.318576964,5.51982231,5.366945877,5.3015315,5.077607472,4.895454263,4.718303459,4.480380015,4.223161019,4.073331833,3.886361988,3.78728225,3.75134317,3.712114812,3.68436303,3.712840601,3.534188243,3.50491072,3.452995007,3.443168275,3.403286563,3.269594241,3.20535045,3.143012148,2.884955985,2.767976167,2.683869391,2.615890959,2.552049594,2.493810233,2.442233544,2.403050678,2.36599133,2.374291088,2.327518092,2.295122844,2.26645286,2.257982413,2.238420341,2.222971195,2.212152463,2.214367568,2.208791902,2.181291722,2.162544191,2.194353642,2.146936565,2.136771522,2.099669069,2.110089181,2.073803865,1.978493471,1.930335579,1.824349334,1.772935777,1.736048459,1.716955293,1.714066423,
IBT,,IDA & IBRD total,IBT,,"Fertility rate, total (births per woman)",SP.DYN.TFRT.IN,5.244147388,5.081718639,5.705339627,6.093841531,5.851136446,5.810039942,5.704715215,5.555069628,5.720373317,5.594426004,5.541325226,5.356989136,5.20604037,5.057906029,4.861040733,4.648587718,4.523811646,4.36760104,4.284296202,4.2517816,4.215581466,4.186719862,4.203005993,4.047379962,4.013442604,3.959262193,3.938747419,3.89343973,3.771344429,3.709062689,3.648087497,3.426902688,3.319996661,3.240937508,3.176490618,3.114437399,3.054722973,3.003423509,2.962003908,2.927377083,2.92800693,2.882393917,2.848284446,2.817790066,2.802164775,2.780450568,2.765690531,2.754695014,2.754126489,2.745475077,2.716772807,2.693182811,2.709312061,2.667097481,2.65487997,2.621930145,2.623379967,2.591164688,2.515477619,2.475225712,2.392626625,2.353640582,2.324284079,2.307698444,2.299866339,
IDA,,IDA total,IDA,,"Fertility rate, total (births per woman)",SP.DYN.TFRT.IN,6.593264473,6.607958367,6.624829985,6.630544002,6.639152606,6.643366539,6.648080144,6.657015486,6.656937459,6.658312358,6.666391539,6.671220815,6.669425581,6.657867546,6.646868912,6.632430408,6.611002396,6.589461942,6.579785358,6.56094421,6.532450022,6.493954471,6.447733146,6.391220381,6.33277636,6.262017345,6.183679117,6.1016366,6.018016592,5.94897634,5.875684572,5.795147476,5.707624764,5.624193835,5.548755975,5.469484837,5.38061165,5.308218504,5.233156861,5.181489852,5.12355496,5.055165027,4.986754967,4.920844509,4.849942027,4.79161242,4.748089712,4.700046186,4.653972266,4.602298922,4.53856639,4.469445086,4.404842096,4.350442153,4.300910903,4.250090748,4.191737672,4.139401819,4.087137964,4.032714886,3.977964862,3.934876432,3.888303006,3.841992685,3.78848195,
IDB,,IDA blend,IDB,,"Fertility rate, total (births per woman)",SP.DYN.TFRT.IN,6.642840081,6.65524681,6.670880782,6.668931978,6.68083048,6.689733707,6.692297817,6.695600142,6.694076707,6.699303364,6.70868182,6.730679727,6.744898594,6.757053859,6.770215798,6.781646592,6.774137991,6.768687696,6.751435377,6.713258317,6.671927199,6.632151559,6.592587282,6.548268206,6.494662628,6.433839158,6.382146357,6.316989504,6.251486153,6.190177037,6.127384572,6.065361001,5.981699706,5.889641124,5.799542166,5.71533408,5.621869591,5.521492493,5.425970365,5.390962344,5.341855839,5.260944454,5.178319033,5.109301985,5.012790811,4.954611181,4.93870079,4.917370929,4.898901821,4.858180694,4.798092126,4.722169462,4.634037821,4.560497341,4.502077482,4.429495292,4.334033794,4.269018868,4.193205893,4.118125829,4.0475042,4.011091273,3.958188934,3.906899869,3.841440007,
IDN,East Asia & Pacific,Indonesia,IDN,Upper middle income,"Fertility rate, total (births per woman)",SP.DYN.TFRT.IN,5.505,5.522,5.534,5.551,5.568,5.593,5.593,5.583,5.568,5.553,5.488,5.397,5.315,5.246,5.089,5.032,4.921,4.807,4.732,4.625,4.495,4.356,4.247,4.109,3.956,3.725,3.53,3.42,3.353,3.247,3.114,3.058,2.95,2.9,2.851,2.809,2.782,2.742,2.66,2.568,2.503,2.466,2.436,2.41,2.415,2.452,2.457,2.476,2.44,2.442,2.462,2.515,2.514,2.441,2.393,2.346,2.311,2.253,2.219,2.205,2.189,2.166,2.149,2.127,2.115,
IDX,,IDA only,IDX,,"Fertility rate, total (births per woman)",SP.DYN.TFRT.IN,6.570830187,6.586543399,6.603975825,6.613165555,6.620294816,6.622392558,6.628072892,6.639549104,6.640111782,6.63971237,6.647148496,6.644094936,6.634895698,6.61233723,6.590050987,6.563353333,6.5350381,6.505438091,6.498853891,6.488676663,6.465224881,6.4261783,6.37610144,6.313403634,6.252522707,6.176652344,6.084793954,5.994031912,5.900972172,5.827622194,5.748379913,5.657807579,5.568322905,5.48943667,5.421459594,5.344568021,5.257542601,5.198890937,5.133847346,5.073178099,5.010162642,4.947702875,4.886404161,4.821880797,4.764109883,4.705418247,4.647056284,4.584435958,4.52312055,4.465136313,4.399148429,4.333657277,4.281908342,4.23795421,4.193462143,4.154621733,4.116411461,4.071093543,4.031442468,3.988038363,3.941686467,3.895151652,3.851889536,3.808200779,3.76091745,
IMN,Europe & Central Asia,Isle of Man,IMN,High income,"Fertility rate, total (births per woman)",SP.DYN.TFRT.IN,2.682,2.688,2.634,2.624,2.627,2.539,2.462,2.447,2.447,2.512,2.566,2.512,2.454,2.364,2.263,2.16,2.083,2.023,1.988,1.96,1.954,1.941,1.915,1.888,1.865,1.88,1.892,1.909,1.921,1.926,1.959,1.978,1.974,1.946,1.915,1.923,1.931,1.926,1.901,1.858,1.866,1.87,1.863,1.84,1.826,1.863,1.905,1.927,1.941,1.937,1.928,1.903,1.864,1.824,1.79,1.748,1.713,1.674,1.636,1.606,1.585,1.569,1.556,1.548,1.544,
IND,South Asia,India,IND,Lower middle income,"Fertility rate, total (births per woman)",SP.DYN.TFRT.IN,5.921,5.937,5.953,5.969,5.979,5.941,5.881,5.825,5.76,5.684,5.624,5.565,5.482,5.402,5.325,5.195,5.13,5.007,4.888,4.808,4.775,4.698,4.62,4.565,4.516,4.432,4.399,4.311,4.222,4.132,4.045,3.959,3.877,3.799,3.723,3.651,3.582,3.514,3.446,3.383,3.35,3.303,3.217,3.122,3.046,2.958,2.867,2.775,2.711,2.674,2.598,2.532,2.47,2.399,2.293,2.289,2.284,2.193,2.184,2.12,2.047,2.014,1.994,1.975,1.962,
,,Not classified,INX,,"Fertility rate, total (births per woman)",SP.DYN.TFRT.IN,,,,,,,,,,,,,,,,,,,,,,,,,,,,,,,,,,,,,,,,,,,,,,,,,,,,,,,,,,,,,,,,,,
IRL,Europe & Central Asia,Ireland,IRL,High income,"Fertility rate, total (births per woman)",SP.DYN.TFRT.IN,3.78,3.78,3.92,4.01,4.07,4.04,3.94,3.84,3.77,3.83,3.85,3.93,3.84,3.71,3.59,3.37,3.29,3.24,3.21,3.21,3.21,3.05,2.94,2.74,2.58,2.48,2.44,2.32,2.17,2.08,2.11,2.08,1.99,1.9,1.85,1.84,1.88,1.93,1.94,1.9,1.89,1.94,1.97,1.96,1.93,1.86,1.91,2.01,2.06,2.06,2.05,2.03,1.98,1.93,1.89,1.85,1.81,1.76,1.74,1.69,1.6,1.72,1.51,1.5,1.47,
IRN,Middle East & North Africa,"Iran, Islamic Rep.",IRN,Upper middle income,"Fertility rate, total (births per woman)",SP.DYN.TFRT.IN,7.519,7.459,7.401,7.317,7.237,7.222,7.214,7.19,7.119,7.007,6.798,6.549,6.257,6.061,5.968,5.947,6.066,6.179,6.344,6.549,6.63,6.618,6.586,6.528,6.433,6.242,6.011,5.719,5.434,5.172,4.934,4.568,4.099,3.674,3.244,2.852,2.542,2.323,2.19,2.089,1.999,1.918,1.836,1.801,1.78,1.756,1.755,1.748,1.743,1.74,1.749,1.792,1.851,1.913,1.975,2.017,2.054,2.023,1.919,1.766,1.7,1.709,1.704,1.695,1.684,
IRQ,Middle East & North Africa,Iraq,IRQ,Upper middle income,"Fertility rate, total (births per woman)",SP.DYN.TFRT.IN,5.3,5.8,6.991,7.005,7.01,7.02,7.022,7.029,7.056,7.083,7.071,7.055,7.024,6.986,6.952,6.913,6.856,6.795,6.726,6.662,6.593,6.526,6.46,6.387,6.321,6.246,6.182,6.114,6.052,5.988,5.929,5.833,5.718,5.609,5.488,5.36,5.249,5.194,5.112,5.035,4.92,4.799,4.668,4.581,4.527,4.446,4.459,4.404,4.373,4.378,4.457,4.588,4.544,4.441,4.31,4.08,3.843,3.64,3.547,3.48,3.419,3.358,3.294,3.249,3.221,
ISL,Europe & Central Asia,Iceland,ISL,High income,"Fertility rate, total (births per woman)",SP.DYN.TFRT.IN,4.29,3.88,3.98,3.99,3.88,3.73,3.59,3.28,3.06,2.99,2.81,2.92,3.09,2.94,2.66,2.65,2.52,2.31,2.35,2.49,2.48,2.33,2.27,2.24,2.08,1.93,1.92,2.06,2.26,2.19,2.3,2.18,2.21,2.22,2.14,2.08,2.12,2.04,2.05,1.99,2.08,1.95,1.93,1.99,2.04,2.05,2.08,2.09,2.15,2.23,2.2,2.02,2.04,1.93,1.93,1.8,1.74,1.71,1.71,1.74,1.72,1.82,1.589,1.55,1.56,
ISR,Middle East & North Africa,Israel,ISR,High income,"Fertility rate, total (births per woman)",SP.DYN.TFRT.IN,3.866,3.858,3.85,3.838,3.826,3.814,3.802,3.79,3.786,3.782,3.778,3.774,3.77,3.698,3.626,3.554,3.482,3.41,3.354,3.298,3.242,3.186,3.13,3.106,3.082,3.058,3.034,3.01,2.948,2.886,2.824,2.762,2.7,2.8,2.9,2.9,2.9,2.94,2.98,2.965,2.95,2.92,2.89,2.95,2.9,2.84,2.88,2.9,2.96,2.96,3.03,2.98,3.05,3.03,3.08,3.09,3.11,3.11,3.09,3.01,2.9,3,2.89,2.85,2.87,
ITA,Europe & Central Asia,Italy,ITA,High income,"Fertility rate, total (births per woman)",SP.DYN.TFRT.IN,2.4,2.44,2.46,2.51,2.66,2.6,2.58,2.5,2.46,2.47,2.38,2.4,2.35,2.3,2.28,2.17,2.04,1.93,1.84,1.73,1.64,1.58,1.56,1.51,1.46,1.42,1.35,1.33,1.36,1.33,1.33,1.3,1.3,1.25,1.21,1.19,1.2,1.22,1.22,1.23,1.26,1.25,1.27,1.29,1.34,1.33,1.37,1.39,1.44,1.44,1.44,1.42,1.42,1.39,1.38,1.36,1.36,1.34,1.31,1.27,1.24,1.25,1.24,1.21,1.18,
JAM,Latin America & Caribbean,Jamaica,JAM,Upper middle income,"Fertility rate, total (births per woman)",SP.DYN.TFRT.IN,5.538,5.597,5.635,5.731,5.79,5.719,5.692,5.668,5.576,5.468,5.349,5.212,5.06,4.995,4.665,4.436,4.213,4.004,3.838,3.719,3.588,3.51,3.458,3.411,3.324,3.212,3.106,3.024,2.982,2.93,2.955,2.997,3.026,2.987,2.93,2.851,2.77,2.677,2.574,2.465,2.345,2.296,2.271,2.244,2.198,2.148,2.089,2.023,1.953,1.879,1.799,1.717,1.648,1.591,1.544,1.508,1.464,1.428,1.4,1.39,1.383,1.378,1.372,1.358,1.351,
JOR,Middle East & North Africa,Jordan,JOR,Upper middle income,"Fertility rate, total (births per woman)",SP.DYN.TFRT.IN,7.599,7.699,7.785,7.854,7.913,7.932,7.992,8.059,8.135,8.192,8.181,8.15,8.117,8.062,7.997,7.925,7.832,7.723,7.594,7.448,7.287,7.121,6.959,6.812,6.671,6.534,6.387,6.196,6.011,5.798,5.544,5.33,5.137,4.972,4.819,4.676,4.508,4.318,4.112,3.971,3.864,3.803,3.805,3.816,3.729,3.653,3.711,3.797,3.876,3.841,3.78,3.69,3.568,3.449,3.302,3.141,3.072,2.994,2.923,2.855,2.791,2.735,2.679,2.639,2.604,
JPN,East Asia & Pacific,Japan,JPN,High income,"Fertility rate, total (births per woman)",SP.DYN.TFRT.IN,2,1.96,1.98,2,2.05,2.14,1.58,2.23,2.13,2.13,2.13,2.16,2.14,2.14,2.05,1.91,1.85,1.8,1.79,1.77,1.75,1.74,1.77,1.8,1.81,1.76,1.72,1.69,1.66,1.57,1.54,1.53,1.5,1.46,1.5,1.42,1.43,1.39,1.38,1.34,1.36,1.33,1.32,1.29,1.29,1.26,1.32,1.34,1.37,1.37,1.39,1.39,1.41,1.43,1.42,1.45,1.44,1.43,1.42,1.36,1.33,1.3,1.26,1.2,1.15,
KAZ,Europe & Central Asia,Kazakhstan,KAZ,Upper middle income,"Fertility rate, total (births per woman)",SP.DYN.TFRT.IN,4.495,4.424,4.357,4.264,4.071,3.881,3.819,3.769,3.629,3.509,3.505,3.534,3.553,3.508,3.453,3.398,3.332,3.257,3.156,3.137,3.092,3.052,3.02,3.068,3.146,3.208,3.189,3.122,3.001,2.866,2.745,2.677,2.584,2.483,2.378,2.253,2.084,1.97,1.938,1.902,1.898,1.906,1.956,2.075,2.201,2.274,2.38,2.49,2.616,2.58,2.61,2.605,2.64,2.67,2.76,2.755,2.795,2.745,2.845,2.89,3.13,3.32,3.05,3.012,2.984,
KEN,Sub-Saharan Africa,Kenya,KEN,Lower middle income,"Fertility rate, total (births per woman)",SP.DYN.TFRT.IN,7.651,7.715,7.769,7.817,7.869,7.923,7.955,7.953,7.948,7.947,7.943,7.922,7.894,7.86,7.822,7.795,7.767,7.729,7.666,7.598,7.531,7.454,7.345,7.218,7.083,6.96,6.84,6.686,6.515,6.332,6.135,5.94,5.74,5.569,5.438,5.372,5.307,5.268,5.244,5.177,5.136,5.094,5.027,4.937,4.861,4.801,4.754,4.718,4.66,4.567,4.446,4.284,4.116,3.955,3.843,3.766,3.689,3.609,3.536,3.433,3.364,3.312,3.262,3.208,3.167,
KGZ,Europe & Central Asia,Kyrgyz Republic,KGZ,Lower middle income,"Fertility rate, total (births per woman)",SP.DYN.TFRT.IN,5.309,5.364,5.421,5.479,5.433,5.375,5.321,5.255,5.182,5.183,5.203,5.181,5.137,5.024,4.891,4.764,4.676,4.593,4.526,4.377,4.225,4.188,4.198,4.165,4.198,4.203,4.221,4.163,4.031,3.875,3.63,3.58,3.52,3.2,2.9,3.1,2.8,2.6,2.7,2.6,2.4,2.4,2.4,2.5,2.6,2.5,2.7,2.7,2.8,2.9,3.1,3.1,3.2,3.1,3.2,3.2,3.1,3,3.3,3.3,3.1,2.89,2.8,2.7,2.6,
KHM,East Asia & Pacific,Cambodia,KHM,Lower middle income,"Fertility rate, total (births per woman)",SP.DYN.TFRT.IN,6.313,6.302,6.301,6.292,6.288,6.267,6.237,6.201,6.165,6.124,6.071,6.007,5.943,5.559,4.797,4.103,3.409,2.716,3.338,4.556,5.774,6.042,6.193,6.296,6.338,6.313,6.226,6.097,5.944,5.681,5.642,5.588,5.486,5.433,5.281,5.076,4.867,4.395,4.13,3.933,3.794,3.687,3.57,3.429,3.307,3.238,3.175,3.13,3.048,2.971,2.859,2.782,2.751,2.742,2.734,2.729,2.725,2.719,2.724,2.725,2.699,2.664,2.616,2.579,2.548,
KIR,East Asia & Pacific,Kiribati,KIR,Lower middle income,"Fertility rate, total (births per woman)",SP.DYN.TFRT.IN,6.441,6.477,6.415,6.35,6.289,6.262,6.225,6.112,5.984,5.848,5.706,5.554,5.374,5.199,5.094,5.019,4.964,4.957,4.969,4.965,4.964,4.961,4.952,4.914,4.91,4.911,4.871,4.806,4.733,4.693,4.668,4.642,4.568,4.487,4.442,4.419,4.425,4.368,4.29,4.185,4.071,3.957,3.814,3.702,3.734,3.76,3.815,3.865,3.899,3.905,3.898,3.878,3.768,3.643,3.521,3.438,3.375,3.339,3.318,3.29,3.254,3.219,3.182,3.147,3.124,
KNA,Latin America & Caribbean,St. Kitts and Nevis,KNA,High income,"Fertility rate, total (births per woman)",SP.DYN.TFRT.IN,6.541,6.272,6.061,6.121,6.084,6.008,5.783,5.46,5.165,4.967,4.728,4.506,4.161,3.966,3.806,3.675,3.589,3.478,3.286,3.23,3.261,3.296,3.175,3.098,2.884,2.82,2.683,2.622,2.622,2.689,2.725,2.597,2.433,2.375,2.31,2.304,2.26,2.3,2.31,2.256,2.126,2.082,2.038,2.004,1.964,1.931,1.902,1.871,1.833,1.8,1.762,1.74,1.713,1.682,1.665,1.643,1.633,1.61,1.587,1.568,1.55,1.531,1.512,1.505,1.526,
KOR,East Asia & Pacific,"Korea, Rep.",KOR,High income,"Fertility rate, total (births per woman)",SP.DYN.TFRT.IN,5.994,5.803,5.562,5.334,5.068,4.887,4.782,4.615,4.51,4.447,4.53,4.54,4.12,4.07,3.77,3.43,3,2.99,2.64,2.9,2.82,2.57,2.39,2.06,1.74,1.66,1.58,1.53,1.55,1.56,1.57,1.71,1.76,1.654,1.656,1.634,1.574,1.537,1.464,1.425,1.48,1.309,1.178,1.191,1.164,1.085,1.132,1.259,1.192,1.149,1.226,1.244,1.297,1.187,1.205,1.239,1.172,1.052,0.977,0.918,0.837,0.808,0.778,0.721,0.748,
KWT,Middle East & North Africa,Kuwait,KWT,High income,"Fertility rate, total (births per woman)",SP.DYN.TFRT.IN,7.223,7.248,7.254,7.275,7.286,7.314,7.34,7.326,7.278,7.181,7.025,6.839,6.637,6.43,6.233,6.059,5.896,5.712,5.521,5.333,5.184,5.021,4.848,4.658,4.452,4.218,4.003,3.827,3.702,3.593,3.487,3.398,3.353,3.313,3.272,3.248,3.223,3.135,3.039,2.952,2.887,2.839,2.795,2.771,2.762,2.731,2.589,2.412,2.266,2.155,2.044,1.956,1.99,1.968,2.06,2.03,2.061,2.16,2.118,2.082,2.033,2.148,1.546,1.524,1.56,
LAC,,Latin America & Caribbean (excluding high income),LAC,,"Fertility rate, total (births per woman)",SP.DYN.TFRT.IN,5.972718993,5.965269838,5.957098984,5.935534655,5.880453914,5.798841565,5.703364845,5.599228258,5.493803215,5.398381937,5.302522426,5.205924231,5.102238288,4.998848318,4.877791423,4.768588097,4.667931952,4.569093805,4.466018547,4.356992882,4.246725233,4.146352943,4.052235182,3.951382645,3.847331778,3.74640304,3.6530591,3.549214614,3.455253181,3.373232307,3.295416464,3.219762451,3.144025246,3.084789869,3.021000334,2.958583561,2.888812915,2.831171557,2.774118186,2.707377222,2.637621172,2.569752233,2.509272698,2.448704328,2.405431741,2.364700675,2.318992016,2.277857081,2.249463717,2.222965292,2.195103856,2.175328349,2.144073256,2.122543044,2.104534191,2.073206873,2.020395937,1.999828665,1.98242037,1.940137135,1.883287236,1.861909465,1.83683711,1.821703588,1.812586963,
LAO,East Asia & Pacific,Lao PDR,LAO,Lower middle income,"Fertility rate, total (births per woman)",SP.DYN.TFRT.IN,6.292,6.31,6.313,6.318,6.313,6.316,6.307,6.306,6.298,6.301,6.31,6.295,6.284,6.281,6.289,6.287,6.289,6.293,6.298,6.314,6.332,6.35,6.369,6.376,6.37,6.328,6.255,6.205,6.158,6.102,6.057,5.986,5.9,5.798,5.598,5.355,5.148,4.961,4.792,4.639,4.429,4.29,4.132,4.024,3.898,3.685,3.559,3.438,3.331,3.229,3.137,3.049,2.953,2.872,2.802,2.796,2.744,2.691,2.633,2.589,2.535,2.494,2.455,2.421,2.397,
LBN,Middle East & North Africa,Lebanon,LBN,Lower middle income,"Fertility rate, total (births per woman)",SP.DYN.TFRT.IN,5.877,5.891,5.902,5.905,5.851,5.768,5.677,5.569,5.448,5.316,5.188,5.05,4.912,4.79,4.654,4.521,4.394,4.279,4.176,4.077,4.011,3.953,3.855,3.734,3.658,3.533,3.466,3.42,3.392,3.363,3.268,3.162,3.052,2.937,2.823,2.725,2.698,2.667,2.648,2.631,2.6,2.576,2.523,2.457,2.378,2.291,2.244,2.201,2.172,2.191,2.256,2.32,2.345,2.361,2.375,2.382,2.39,2.372,2.347,2.327,2.308,2.283,2.263,2.239,2.227,
LBR,Sub-Saharan Africa,Liberia,LBR,Low income,"Fertility rate, total (births per woman)",SP.DYN.TFRT.IN,6.391,6.446,6.504,6.556,6.585,6.617,6.628,6.65,6.657,6.644,6.578,6.542,6.599,6.651,6.691,6.744,6.793,6.841,6.884,6.919,6.872,6.834,6.788,6.76,6.728,6.693,6.638,6.572,6.507,6.434,6.37,6.323,6.277,6.246,6.21,6.173,6.129,6.079,6.017,5.953,5.875,5.774,5.653,5.547,5.506,5.519,5.53,5.462,5.328,5.174,5.058,4.97,4.881,4.749,4.622,4.523,4.461,4.396,4.336,4.257,4.174,4.089,4.016,3.95,3.864,
LBY,Middle East & North Africa,Libya,LBY,Upper middle income,"Fertility rate, total (births per woman)",SP.DYN.TFRT.IN,7.509,7.556,7.61,7.685,7.752,7.823,7.891,7.932,7.974,8.011,8.048,8.096,8.073,8.047,8.02,7.977,7.932,7.872,7.789,7.68,7.543,7.371,7.162,6.91,6.622,6.328,6.022,5.718,5.41,5.091,4.776,4.461,4.162,3.883,3.649,3.442,3.256,3.132,3.043,2.972,2.906,2.866,2.831,2.797,2.773,2.765,2.699,2.648,2.599,2.556,2.603,2.646,2.68,2.716,2.754,2.711,2.673,2.626,2.581,2.539,2.507,2.462,2.402,2.355,2.298,
LCA,Latin America & Caribbean,St. Lucia,LCA,Upper middle income,"Fertility rate, total (births per woman)",SP.DYN.TFRT.IN,6.767,6.835,6.818,6.721,6.758,6.688,6.607,6.508,6.387,6.249,6.101,5.953,5.813,5.686,5.571,5.358,5.161,4.966,4.825,4.583,4.412,4.276,4.169,4.082,4.018,3.97,3.801,3.613,3.435,3.314,3.238,3.19,3.11,2.999,3.028,3.026,2.712,2.743,2.403,2.501,2.207,2.125,2.032,1.939,1.863,1.807,1.765,1.7,1.7,1.735,1.673,1.5,1.5,1.5,1.485,1.473,1.461,1.448,1.436,1.424,1.411,1.399,1.387,1.379,1.385,
LCN,,Latin America & Caribbean,LCN,,"Fertility rate, total (births per woman)",SP.DYN.TFRT.IN,5.869289896,5.857900665,5.847113212,5.82617903,5.76646915,5.685227656,5.588495878,5.482429397,5.375681885,5.28016645,5.184212806,5.088896341,4.984279142,4.881213126,4.763415274,4.656084819,4.55876653,4.462776069,4.362654183,4.257334414,4.151166833,4.054867167,3.965241248,3.869130113,3.770528018,3.676291659,3.588582757,3.490821691,3.402297427,3.325722083,3.252001213,3.178991499,3.105022209,3.047379134,2.985322335,2.925002456,2.854096054,2.796378637,2.740350487,2.67578613,2.609029917,2.542229793,2.481212539,2.421425068,2.379175193,2.340350642,2.29532889,2.257352857,2.231671238,2.206659527,2.178885073,2.15996794,2.129510082,2.108009368,2.090618351,2.059508417,2.006880797,1.98217325,1.963885565,1.91833263,1.858758279,1.833690546,1.812106624,1.795094159,1.785574355,
LDC,,Least developed countries: UN classification,LDC,,"Fertility rate, total (births per woman)",SP.DYN.TFRT.IN,6.598126656,6.620063455,6.641466275,6.65468789,6.667781139,6.677711025,6.690909916,6.707120784,6.715872034,6.722425787,6.736739324,6.74103297,6.739219264,6.725862917,6.712822399,6.690814835,6.666474671,6.641869432,6.639444606,6.635477218,6.621902488,6.591094376,6.55678917,6.501070648,6.441650925,6.365871546,6.274971839,6.185644418,6.09584646,6.026845837,5.950806245,5.86252083,5.778021556,5.70362834,5.6417404,5.566891731,5.492585355,5.439231392,5.373303209,5.309995215,5.244580521,5.178403551,5.115969959,5.050352222,4.990461621,4.929239092,4.867187735,4.802293322,4.738002406,4.674928504,4.601286742,4.528601114,4.469197859,4.416461065,4.365526916,4.321682594,4.283111695,4.238632469,4.194292844,4.148601238,4.100990835,4.052995985,4.007572222,3.961124249,3.910902371,
LIC,,Low income,LIC,,"Fertility rate, total (births per woman)",SP.DYN.TFRT.IN,6.431999792,6.40968572,6.443231893,6.483871248,6.496371338,6.515261074,6.560088491,6.622995255,6.62810884,6.643737289,6.666509841,6.675851367,6.710044665,6.669875306,6.664265648,6.671256774,6.665771478,6.676105337,6.691138445,6.703993414,6.704179038,6.70250055,6.682591761,6.663224504,6.644222338,6.625231933,6.605710014,6.579466733,6.546714115,6.513364027,6.483186633,6.450891685,6.421370083,6.391845921,6.360479846,6.326809916,6.268508095,6.227602006,6.185193186,6.139263299,6.089276107,6.02987984,5.967659433,5.905224865,5.848800562,5.788545628,5.726993155,5.653925492,5.587239072,5.516553548,5.431001417,5.338570672,5.258193221,5.184237829,5.121087222,5.061566895,5.000552226,4.939741304,4.877963802,4.81320553,4.74393919,4.672473186,4.603708309,4.534915546,4.463836369,
LIE,Europe & Central Asia,Liechtenstein,LIE,High income,"Fertility rate, total (births per woman)",SP.DYN.TFRT.IN,2.779,2.778,2.798,2.851,2.919,2.963,2.779,2.477,2.217,2.135,2.093,2.033,1.983,1.936,1.904,1.897,1.909,1.92,1.9,1.673,1.696,1.688,1.606,1.529,1.508,1.495,1.479,1.496,1.496,1.501,1.501,1.5,1.477,1.454,1.442,1.435,1.516,1.569,1.586,1.63,1.57,1.52,1.47,1.36,1.44,1.49,1.43,1.42,1.43,1.71,1.4,1.69,1.51,1.45,1.59,1.4,1.61,1.44,1.58,1.48,1.46,1.53,1.47,1.45,1.37,
LKA,South Asia,Sri Lanka,LKA,Upper middle income,"Fertility rate, total (births per woman)",SP.DYN.TFRT.IN,5.352,5.24,5.177,5.118,5.057,4.934,4.828,4.787,4.658,4.499,4.387,4.266,4.156,4.001,3.855,3.816,3.783,3.741,3.81,3.822,3.725,3.649,3.32,3.114,3.006,2.895,2.743,2.644,2.565,2.578,2.541,2.514,2.487,2.438,2.405,2.353,2.285,2.215,2.136,2.142,2.213,2.283,2.31,2.301,2.271,2.263,2.292,2.295,2.232,2.179,2.134,2.144,2.173,2.178,2.134,2.09,2.062,2.044,2.033,2.022,2.007,1.995,1.984,1.974,1.952,
LMC,,Lower middle income,LMC,,"Fertility rate, total (births per woman)",SP.DYN.TFRT.IN,6.201618376,6.218365572,6.23433615,6.242151277,6.24505679,6.217490426,6.178599642,6.144380518,6.101025146,6.052815399,6.015092173,5.976477596,5.921370588,5.86367246,5.808424874,5.720421432,5.66576103,5.576407135,5.494637058,5.433164563,5.396976897,5.331805171,5.266367135,5.204820209,5.141372117,5.052651705,4.98897105,4.893991553,4.79910476,4.708031021,4.61963385,4.525372077,4.428164439,4.334941897,4.250387333,4.1680203,4.089451347,4.019351005,3.947985554,3.887468565,3.840917937,3.785399296,3.708186056,3.628809274,3.555613343,3.485660919,3.423122059,3.360925238,3.31458828,3.27981664,3.22172016,3.165466075,3.113289663,3.059906835,2.9870218,2.966899651,2.935575651,2.866600979,2.831635689,2.773484065,2.716819863,2.685869933,2.663604676,2.641479251,2.618280783,
LMY,,Low & middle income,LMY,,"Fertility rate, total (births per woman)",SP.DYN.TFRT.IN,5.500869038,5.324860304,6.013109617,6.441335553,6.180586426,6.137264809,6.024903326,5.850206452,6.029418291,5.89499798,5.836483321,5.631585201,5.465568075,5.298878311,5.078128628,4.846011957,4.706555008,4.535246316,4.442494204,4.403140693,4.360765713,4.326372982,4.334441465,4.162237848,4.124458841,4.064683845,4.036529564,3.984000148,3.856853451,3.794019899,3.735754384,3.508700158,3.402973185,3.326128176,3.258709553,3.197612745,3.136671108,3.084530614,3.040450373,3.006106459,3.003904733,2.95486573,2.916824497,2.882969374,2.864238597,2.840966688,2.823817102,2.807500057,2.802446948,2.790748927,2.75958492,2.734723795,2.747505317,2.703298551,2.688496918,2.65333575,2.654120688,2.623191419,2.545977409,2.506216921,2.421394627,2.381385073,2.352916543,2.336744193,2.328980827,
LSO,Sub-Saharan Africa,Lesotho,LSO,Lower middle income,"Fertility rate, total (births per woman)",SP.DYN.TFRT.IN,5.784,5.785,5.787,5.776,5.765,5.772,5.756,5.745,5.725,5.704,5.698,5.696,5.694,5.688,5.753,5.825,5.871,5.848,5.823,5.789,5.746,5.694,5.632,5.56,5.478,5.401,5.317,5.222,5.104,4.964,4.813,4.681,4.541,4.365,4.21,4.125,4.058,3.982,3.815,3.67,3.605,3.63,3.682,3.619,3.508,3.428,3.414,3.442,3.392,3.309,3.25,3.343,3.296,3.283,3.239,3.217,3.18,3.105,3.016,2.924,2.846,2.769,2.716,2.694,2.664,
LTE,,Late-demographic dividend,LTE,,"Fertility rate, total (births per woman)",SP.DYN.TFRT.IN,4.375633435,3.995622356,5.288942849,6.108555623,5.588477473,5.52155377,5.323449088,5.041023554,5.425740376,5.203140873,5.13224251,4.79034212,4.536202629,4.280300157,3.920590542,3.538565511,3.315670033,3.057327588,2.952700787,2.950003022,2.924492894,2.938766982,3.038786134,2.767807156,2.769316935,2.756446419,2.791508074,2.79232109,2.621958139,2.583900799,2.549960163,2.155134939,2.019025995,1.930961879,1.869796975,1.815354392,1.765906645,1.72631005,1.705761793,1.686644551,1.73923097,1.686913147,1.680478202,1.678015609,1.696947492,1.696508218,1.705216105,1.725595902,1.753644033,1.761206131,1.741544133,1.727844467,1.815689163,1.760874607,1.803699529,1.741817921,1.790324276,1.792108846,1.628867106,1.594426485,1.431837084,1.354561439,1.294781387,1.268649488,1.2723164,
LTU,Europe & Central Asia,Lithuania,LTU,High income,"Fertility rate, total (births per woman)",SP.DYN.TFRT.IN,2.56,2.53,2.45,2.35,2.28,2.23,2.22,2.23,2.24,2.3,2.4,2.41,2.34,2.22,2.21,2.18,2.18,2.14,2.08,2.05,1.99,1.98,1.97,2.1,2.07,2.08,2.12,2.11,2.02,1.98,2.03,2.01,1.97,1.74,1.57,1.55,1.49,1.47,1.46,1.46,1.39,1.29,1.23,1.26,1.27,1.29,1.33,1.36,1.45,1.5,1.5,1.55,1.6,1.59,1.57,1.63,1.63,1.57,1.53,1.43,1.36,1.36,1.27,1.18,1.11,
LUX,Europe & Central Asia,Luxembourg,LUX,High income,"Fertility rate, total (births per woman)",SP.DYN.TFRT.IN,2.29,,2.37,,2.34,2.42,2.34,2.24,2.12,2.02,1.97,1.95,1.75,1.58,1.58,1.55,1.48,1.5,1.48,1.48,1.5,1.55,1.49,1.43,1.42,1.38,1.43,1.4,1.51,1.52,1.6,1.6,1.64,1.7,1.72,1.7,1.77,1.71,1.68,1.74,1.76,1.66,1.63,1.62,1.66,1.63,1.65,1.61,1.61,1.59,1.63,1.52,1.57,1.55,1.5,1.47,1.41,1.39,1.38,1.34,1.36,1.38,1.31,1.25,1.25,
LVA,Europe & Central Asia,Latvia,LVA,High income,"Fertility rate, total (births per woman)",SP.DYN.TFRT.IN,1.94,1.94,1.91,1.85,1.79,1.74,1.76,1.8,1.83,1.88,1.96,2,2,1.98,1.97,1.96,1.93,1.89,1.87,1.87,1.86,1.88,1.97,2.07,2.09,2.08,2.12,2.15,2.11,2.05,2.02,1.86,1.73,1.51,1.39,1.25,1.16,1.11,1.09,1.16,1.25,1.22,1.26,1.32,1.29,1.39,1.46,1.54,1.58,1.46,1.36,1.33,1.44,1.52,1.65,1.7,1.74,1.69,1.6,1.61,1.55,1.57,1.47,1.36,1.24,
MAC,East Asia & Pacific,"Macao SAR, China",MAC,High income,"Fertility rate, total (births per woman)",SP.DYN.TFRT.IN,4.957,4.674,4.393,4.227,3.943,3.619,3.317,3.014,2.608,2.307,2.083,1.994,1.94,1.843,1.731,1.554,1.43,1.391,1.425,1.58,1.731,1.849,1.992,2.098,2.145,2.235,2.189,2.06,1.863,1.81,1.709,1.615,1.547,1.471,1.431,1.367,1.288,1.205,1.113,1.025,0.933,0.818,0.813,0.837,0.855,0.912,0.954,1.008,0.979,1.004,1.07,1.15,1.357,1.15,1.224,1.142,1.138,1.021,0.915,0.899,0.841,0.756,0.68,0.586,0.582,
MAF,Latin America & Caribbean,St. Martin (French part),MAF,High income,"Fertility rate, total (births per woman)",SP.DYN.TFRT.IN,6.389,6.395,6.373,6.36,6.354,6.345,6.323,6.302,6.262,6.186,6.089,5.97,5.839,5.638,5.388,5.1,4.839,4.576,4.319,4.111,3.884,3.64,3.362,3.149,3.033,2.952,2.895,2.855,2.824,2.788,2.745,2.708,2.68,2.665,2.669,2.688,2.71,2.746,2.795,2.839,2.876,2.897,2.896,2.872,2.827,2.779,2.711,2.633,2.55,2.464,2.4,2.424,2.773,2.719,2.707,2.665,2.643,2.657,2.725,2.791,2.829,2.804,2.763,2.718,2.673,
MAR,Middle East & North Africa,Morocco,MAR,Lower middle income,"Fertility rate, total (births per woman)",SP.DYN.TFRT.IN,6.887,6.969,7.046,7.012,6.97,6.932,6.889,6.845,6.786,6.726,6.682,6.616,6.545,6.481,6.397,6.299,6.175,6.036,5.91,5.849,5.784,5.71,5.604,5.41,5.199,4.988,4.772,4.583,4.394,4.217,4.06,3.947,3.757,3.548,3.413,3.295,3.229,3.147,3.037,2.882,2.774,2.686,2.617,2.606,2.611,2.613,2.611,2.618,2.612,2.624,2.629,2.595,2.543,2.478,2.425,2.406,2.396,2.375,2.354,2.342,2.32,2.288,2.256,2.23,2.208,
MCO,Europe & Central Asia,Monaco,MCO,High income,"Fertility rate, total (births per woman)",SP.DYN.TFRT.IN,2.812,2.783,2.756,2.727,2.69,2.66,2.625,2.591,2.566,2.536,2.5,2.47,2.44,2.408,2.377,2.351,2.326,2.306,2.284,2.264,2.244,2.224,2.203,2.184,2.165,2.141,2.106,2.062,2.011,1.934,1.848,1.786,1.755,1.749,1.756,1.783,1.824,1.884,1.954,2.007,2.082,2.176,2.006,1.914,1.994,2.006,2.101,2.206,2.384,2.397,2.385,2.22,2.294,2.313,2.485,2.503,2.578,2.418,2.485,2.403,2.38,2.122,2.114,2.11,2.102,
MDA,Europe & Central Asia,Moldova,MDA,Upper middle income,"Fertility rate, total (births per woman)",SP.DYN.TFRT.IN,3.315,3.228,3.043,2.891,2.71,2.685,2.651,2.617,2.592,2.566,2.565,2.563,2.564,2.566,2.564,2.522,2.472,2.424,2.387,2.384,2.381,2.402,2.449,2.578,2.669,2.674,2.738,2.776,2.628,2.463,2.392,2.278,2.217,2.112,1.993,1.825,1.709,1.79,1.65,1.556,1.496,1.471,1.448,1.479,1.543,1.528,1.537,1.575,1.638,1.719,1.703,1.65,1.661,1.622,1.82,1.87,1.89,1.81,1.81,1.78,1.77,1.751,1.694,1.731,1.726,
MDG,Sub-Saharan Africa,Madagascar,MDG,Low income,"Fertility rate, total (births per woman)",SP.DYN.TFRT.IN,7.343,7.299,7.256,7.212,7.188,7.171,7.156,7.144,7.131,7.118,7.096,7.068,7.042,7.011,6.993,6.971,6.954,6.927,6.904,6.872,6.838,6.774,6.699,6.626,6.547,6.456,6.343,6.242,6.178,6.149,6.14,6.118,6.082,6.062,6.042,6.036,6.031,6.023,5.992,5.839,5.665,5.528,5.412,5.329,5.264,5.195,5.133,5.083,5.043,5.003,4.896,4.737,4.613,4.527,4.421,4.335,4.285,4.259,4.246,4.221,4.17,4.104,4.036,3.972,3.912,
MDV,South Asia,Maldives,MDV,Upper middle income,"Fertility rate, total (births per woman)",SP.DYN.TFRT.IN,6.713,6.792,6.887,6.941,7.003,7.07,7.145,7.227,7.279,7.327,7.391,7.384,7.374,7.399,7.377,7.321,7.292,7.266,7.229,7.233,7.226,7.191,7.146,7.092,7.025,6.939,6.846,6.731,6.583,6.386,6.13,5.796,5.435,5.063,4.688,4.292,3.859,3.477,3.171,2.899,2.691,2.532,2.425,2.342,2.262,2.199,2.204,2.293,2.371,2.39,2.349,2.307,2.254,2.174,2.089,2.004,1.903,1.798,1.71,1.64,1.613,1.599,1.583,1.575,1.56,
MEA,,"Middle East, North Africa, Afghanistan & Pakistan",MEA,,"Fertility rate, total (births per woman)",SP.DYN.TFRT.IN,6.948266402,6.968750025,7.018178136,6.998434642,6.969077446,6.938129127,6.920244708,6.902118002,6.875867822,6.840237489,6.791085199,6.732011549,6.666416601,6.609119067,6.571464358,6.546102797,6.537196293,6.517398174,6.498028216,6.491021795,6.454345672,6.390570761,6.330348435,6.264139555,6.17869346,6.07464237,5.949159167,5.816803202,5.687826102,5.548022043,5.418798397,5.261023436,5.091153354,4.930211411,4.774907194,4.596419719,4.434290347,4.308600364,4.198556104,4.114437137,4.01482607,3.900855224,3.793951382,3.726301634,3.630700731,3.578111143,3.563779306,3.545009274,3.524222527,3.50913345,3.496278681,3.477440996,3.471038419,3.454583782,3.437698254,3.4046771,3.34433523,3.318206512,3.233676179,3.162069439,3.116880864,3.072990859,3.033442966,3.008101107,2.975970186,
MEX,Latin America & Caribbean,Mexico,MEX,Upper middle income,"Fertility rate, total (births per woman)",SP.DYN.TFRT.IN,6.763,6.777,6.8,6.817,6.833,6.819,6.79,6.753,6.707,6.626,6.529,6.419,6.281,6.121,5.947,5.739,5.543,5.361,5.202,4.964,4.739,4.574,4.425,4.296,4.184,4.087,3.971,3.803,3.64,3.532,3.444,3.363,3.285,3.211,3.132,3.044,2.964,2.886,2.815,2.763,2.714,2.671,2.633,2.579,2.536,2.495,2.456,2.421,2.391,2.364,2.34,2.317,2.294,2.269,2.211,2.137,2.086,2.041,2.03,2.02,1.99,1.97,1.94,1.91,1.892,
MHL,East Asia & Pacific,Marshall Islands,MHL,Upper middle income,"Fertility rate, total (births per woman)",SP.DYN.TFRT.IN,8.077,8.115,8.122,8.123,8.143,8.156,8.199,8.169,8.143,8.112,8.075,8.036,7.995,7.952,7.899,7.832,7.757,7.67,7.58,7.473,7.37,7.269,7.179,7.083,6.988,6.866,6.731,6.568,6.384,6.183,5.97,5.757,5.546,5.382,5.232,5.091,5.021,4.959,4.868,4.783,4.695,4.583,4.488,4.418,4.34,4.276,4.197,4.09,3.967,3.83,3.673,3.527,3.382,3.247,3.18,3.131,3.091,3.064,3.038,3.012,2.989,2.964,2.936,2.919,2.864,
MIC,,Middle income,MIC,,"Fertility rate, total (births per woman)",SP.DYN.TFRT.IN,5.434383589,5.246597886,5.981866796,6.438231635,6.157454946,6.109565246,5.985830631,5.794121524,5.986224213,5.841256784,5.777252441,5.5574859,5.377768487,5.202511366,4.966582203,4.717362578,4.568131964,4.384156,4.284219899,4.241536011,4.197399625,4.16239242,4.172934925,3.990132844,3.95104976,3.888399593,3.859643863,3.80513158,3.671226902,3.605972783,3.545435728,3.304120215,3.191423362,3.10925952,3.037439363,2.972821066,2.910711798,2.857093941,2.8115537,2.77602582,2.775425935,2.724955235,2.685649569,2.65053602,2.63139768,2.607497911,2.589711292,2.573276651,2.568800378,2.557743593,2.526863397,2.50354305,2.520328676,2.474561551,2.459954529,2.422453163,2.423918842,2.390293754,2.305284281,2.261361243,2.168122044,2.125090363,2.094680657,2.077835944,2.071239595,
MKD,Europe & Central Asia,North Macedonia,MKD,Upper middle income,"Fertility rate, total (births per woman)",SP.DYN.TFRT.IN,3.826,3.615,3.503,3.616,3.56,3.516,3.432,3.332,3.219,3.101,3.012,2.927,2.865,2.719,2.698,2.692,2.623,2.49,2.416,2.401,2.363,2.293,2.286,2.25,2.24,2.252,2.253,2.315,2.324,2.25,2.269,2.31,2.281,2.26,2.232,2.13,2.059,1.916,1.89,1.77,1.863,1.729,1.786,1.745,1.524,1.5,1.46,1.46,1.47,1.5,1.6,1.46,1.5,1.5,1.5,1.49,1.5,1.43,1.42,1.34,1.31,1.6,1.6,1.5,1.4,
MLI,Sub-Saharan Africa,Mali,MLI,Low income,"Fertility rate, total (births per woman)",SP.DYN.TFRT.IN,7.019,7.031,7.038,7.046,7.055,7.081,7.111,7.136,7.159,7.175,7.181,7.203,7.219,7.223,7.228,7.253,7.272,7.299,7.319,7.348,7.365,7.365,7.32,7.276,7.256,7.261,7.311,7.312,7.324,7.331,7.311,7.28,7.237,7.18,7.119,7.052,7.01,6.971,6.936,6.911,6.886,6.852,6.819,6.783,6.741,6.708,6.677,6.647,6.624,6.592,6.579,6.545,6.523,6.491,6.441,6.385,6.319,6.251,6.118,5.892,5.85,5.779,5.692,5.614,5.51,
MLT,Middle East & North Africa,Malta,MLT,High income,"Fertility rate, total (births per woman)",SP.DYN.TFRT.IN,3.62,3.27,3.24,2.9,2.79,2.52,2.33,2.24,2.12,2.02,2.03,2.06,2.01,1.65,1.64,2.27,2.21,2.14,2.05,2.1,1.99,1.87,1.9,1.92,1.95,1.95,1.93,1.97,2.06,2.1,2.02,1.99,2.07,1.96,1.84,1.77,1.99,1.93,1.84,1.73,1.68,1.48,1.45,1.48,1.4,1.38,1.36,1.35,1.43,1.42,1.36,1.45,1.42,1.36,1.38,1.37,1.37,1.26,1.23,1.14,1.14,1.13,1.08,1.06,1.01,
MMR,East Asia & Pacific,Myanmar,MMR,Lower middle income,"Fertility rate, total (births per woman)",SP.DYN.TFRT.IN,5.901,5.9,5.904,5.905,5.907,5.912,5.876,5.842,5.797,5.747,5.682,5.615,5.527,5.435,5.341,5.249,5.159,5.069,4.985,4.897,4.789,4.688,4.662,4.633,4.517,4.316,4.081,3.861,3.67,3.593,3.504,3.432,3.354,3.281,3.204,3.127,3.058,2.985,2.912,2.851,2.813,2.793,2.765,2.68,2.588,2.515,2.471,2.447,2.404,2.369,2.335,2.306,2.276,2.264,2.252,2.266,2.27,2.252,2.228,2.206,2.179,2.158,2.131,2.115,2.098,
MNA,,"Middle East, North Africa, Afghanistan & Pakistan (excluding high income)",MNA,,"Fertility rate, total (births per woman)",SP.DYN.TFRT.IN,6.989209346,7.011387313,7.063676893,7.04398524,7.013963525,6.982989787,6.96478623,6.946976219,6.920198269,6.883965619,6.833636388,6.77310893,6.705327301,6.649146438,6.612252769,6.58676597,6.579395711,6.560615278,6.542081889,6.536809996,6.501314876,6.437288087,6.377565855,6.311817394,6.22571829,6.121386653,5.994371128,5.860956607,5.732156173,5.591663507,5.459898072,5.300698201,5.129801625,4.965259397,4.805677079,4.625038409,4.460421954,4.33412528,4.222813815,4.140442225,4.041378909,3.930576404,3.827123582,3.763547261,3.671005307,3.621821955,3.610031205,3.594413535,3.581304066,3.571779724,3.562828943,3.54610406,3.54106246,3.530159296,3.512352304,3.482199491,3.41866135,3.389935078,3.299981039,3.231978702,3.194263203,3.149278151,3.115850809,3.084299332,3.049617477,
MNE,Europe & Central Asia,Montenegro,MNE,Upper middle income,"Fertility rate, total (births per woman)",SP.DYN.TFRT.IN,3.532,3.487,3.443,3.382,3.279,3.186,3.093,2.912,2.795,2.791,2.687,2.673,2.611,2.512,2.434,2.381,2.352,2.307,2.247,2.197,2.217,2.193,2.186,2.166,2.136,2.129,2.091,2.07,2.006,1.938,1.945,2.015,2.013,1.955,1.936,1.958,1.922,1.886,1.893,1.884,1.903,1.855,1.813,1.804,1.734,1.69,1.73,1.8,1.89,1.98,1.7,1.65,1.72,1.73,1.75,1.7,1.8,1.8,1.8,1.8,1.75,1.75,1.8,1.74,1.8,
MNG,East Asia & Pacific,Mongolia,MNG,Upper middle income,"Fertility rate, total (births per woman)",SP.DYN.TFRT.IN,6.817,6.963,7.098,7.238,7.329,7.377,7.409,7.389,7.371,7.337,7.314,7.297,7.279,7.24,7.173,7.066,6.931,6.79,6.62,6.424,6.211,5.982,5.801,5.628,5.451,5.262,5.029,4.829,4.647,4.42,4.5,4,3.5,2.5,2.7,2.77,2.5,2.4,2.3,2.3,2.2,2.2,2.1,2,2,2,2.1,2.3,2.6,2.8,2.4,2.6,2.7,3,3.1,3,3,2.8,2.9,3,2.9,2.8,2.7,2.7,2.5,
MNP,East Asia & Pacific,Northern Mariana Islands,MNP,High income,"Fertility rate, total (births per woman)",SP.DYN.TFRT.IN,5.958,5.912,5.848,5.793,5.716,5.658,5.589,5.701,7.741,7.623,7.439,7.134,6.776,6.398,6.02,5.625,5.234,4.829,4.434,4.047,3.647,3.258,2.896,2.581,2.323,2.145,2.174,2.343,2.157,2.015,2.338,2.823,3.066,3.226,2.978,3.077,2.588,2.245,1.685,1.614,1.64,1.736,1.678,1.893,2.066,2.256,2.613,2.786,2.815,2.736,2.982,3.208,3.328,3.535,3.372,3.134,2.923,2.762,2.643,2.559,2.494,2.441,2.388,2.348,2.324,
MOZ,Sub-Saharan Africa,Mozambique,MOZ,Low income,"Fertility rate, total (births per woman)",SP.DYN.TFRT.IN,6.312,6.366,6.424,6.474,6.513,6.544,6.577,6.607,6.646,6.672,6.699,6.701,6.701,6.698,6.671,6.659,6.641,6.617,6.592,6.564,6.53,6.48,6.43,6.434,6.438,6.43,6.413,6.393,6.367,6.348,6.319,6.276,6.218,6.153,6.082,6.019,5.973,5.933,5.905,5.875,5.83,5.755,5.667,5.6,5.551,5.5,5.452,5.466,5.598,5.681,5.66,5.599,5.518,5.43,5.304,5.245,5.188,5.128,5.07,5.016,4.959,4.905,4.84,4.763,4.69,
MRT,Sub-Saharan Africa,Mauritania,MRT,Lower middle income,"Fertility rate, total (births per woman)",SP.DYN.TFRT.IN,6.149,6.199,6.244,6.312,6.37,6.444,6.516,6.568,6.603,6.643,6.677,6.696,6.706,6.718,6.73,6.713,6.727,6.736,6.727,6.702,6.671,6.635,6.588,6.541,6.483,6.423,6.343,6.271,6.213,6.195,6.175,6.157,6.126,6.093,6.058,5.962,5.861,5.743,5.623,5.524,5.456,5.407,5.373,5.364,5.374,5.376,5.404,5.426,5.436,5.406,5.384,5.38,5.352,5.317,5.261,5.211,5.157,5.106,5.044,4.984,4.912,4.848,4.77,4.697,4.625,
MUS,Sub-Saharan Africa,Mauritius,MUS,Upper middle income,"Fertility rate, total (births per woman)",SP.DYN.TFRT.IN,5.897,5.982,5.877,6.18,5.956,5.508,5.46,4.626,4.596,3.965,3.82,3.508,3.407,3.071,3.453,3.197,3.129,3.071,3.011,2.914,2.803,2.666,2.534,2.396,2.16,2.02,1.99,2.05,2.14,2.23,2.32,2.3,2.37,2.21,2.25,2.14,2.12,2.04,1.97,2.05,1.99,1.91,1.94,1.87,1.92,1.88,1.77,1.74,1.67,1.59,1.57,1.55,1.56,1.45,1.44,1.37,1.41,1.46,1.42,1.41,1.46,1.42,1.33,1.4,1.44,
MWI,Sub-Saharan Africa,Malawi,MWI,Low income,"Fertility rate, total (births per woman)",SP.DYN.TFRT.IN,7.042,7.067,7.095,7.127,7.114,7.126,7.174,7.213,7.262,7.274,7.295,7.311,7.326,7.338,7.344,7.359,7.387,7.408,7.434,7.465,7.518,7.493,7.451,7.361,7.265,7.17,7.069,6.97,6.876,6.803,6.74,6.681,6.63,6.573,6.488,6.392,6.285,6.231,6.205,6.124,6.002,5.943,5.903,5.875,5.864,5.848,5.802,5.724,5.609,5.453,5.263,5.083,4.902,4.759,4.569,4.384,4.216,4.113,4.021,3.952,3.877,3.791,3.72,3.648,3.59,
MYS,East Asia & Pacific,Malaysia,MYS,Upper middle income,"Fertility rate, total (births per woman)",SP.DYN.TFRT.IN,6.412,6.367,6.296,6.191,6.03,5.836,5.635,5.433,5.291,5.159,5.035,4.924,4.822,4.727,4.619,4.501,4.398,4.282,4.179,4.091,4.035,4.002,3.967,3.928,3.885,3.804,3.699,3.565,3.502,3.313,3.304,3.339,3.373,3.364,3.346,3.317,3.297,3.227,3.12,3.068,2.942,2.807,2.658,2.601,2.493,2.391,2.308,2.252,2.262,2.223,2.144,2.153,2.117,2.07,2.058,2.008,1.942,1.893,1.838,1.777,1.68,1.555,1.55,1.55,1.543,
NAC,,North America,NAC,,"Fertility rate, total (births per woman)",SP.DYN.TFRT.IN,3.668133746,3.632015621,3.480897563,3.345156259,3.21426363,2.93158421,2.723608702,2.555202185,2.456665645,2.444451107,2.45888048,2.253915424,2.007141303,1.880128021,1.835236831,1.778937123,1.743749061,1.789186581,1.760800807,1.80261317,1.829547124,1.800755671,1.81368499,1.787084905,1.790809335,1.826586661,1.821238556,1.85271623,1.908356243,1.989067102,2.055181036,2.027322592,2.011530786,1.98574389,1.969628964,1.946570861,1.940782145,1.930296337,1.954612805,1.961383226,2.001044453,1.98111559,1.970037588,1.997335767,2.001953579,2.008918279,2.059782802,2.074587381,2.034364624,1.970338182,1.902410455,1.867545877,1.854970209,1.832325463,1.836888703,1.818947363,1.797278191,1.74371916,1.707145846,1.681768111,1.61762839,1.640853463,1.623413944,1.57951142,1.58553508,
NAM,Sub-Saharan Africa,Namibia,NAM,Lower middle income,"Fertility rate, total (births per woman)",SP.DYN.TFRT.IN,6.243,6.293,6.35,6.408,6.428,6.445,6.472,6.485,6.502,6.508,6.52,6.521,6.533,6.54,6.552,6.533,6.494,6.441,6.384,6.314,6.238,6.159,6.078,5.995,5.94,5.877,5.793,5.699,5.609,5.517,5.398,5.29,5.107,4.905,4.676,4.417,4.201,4.166,4.176,4.138,3.991,3.827,3.693,3.58,3.545,3.571,3.601,3.608,3.616,3.633,3.657,3.658,3.676,3.653,3.635,3.604,3.574,3.511,3.462,3.404,3.349,3.303,3.248,3.212,3.211,
NCL,East Asia & Pacific,New Caledonia,NCL,High income,"Fertility rate, total (births per woman)",SP.DYN.TFRT.IN,5.436,5.465,5.388,5.343,5.368,5.311,5.248,5.15,5.058,5.008,5.07,5.051,5.047,4.932,4.686,4.456,4.231,4.054,3.875,3.749,3.659,3.586,3.484,3.353,3.164,3.046,3.079,3.081,3.083,3.057,3.1,3.072,2.948,2.823,2.715,2.652,2.654,2.646,2.547,2.484,2.509,2.422,2.347,2.268,2.243,2.227,2.241,2.215,2.204,2.194,2.187,2.2,2.202,2.167,2.118,2.079,2.078,2.043,2.041,2.05,2.022,2.012,1.998,1.98,1.964,
NER,Sub-Saharan Africa,Niger,NER,Low income,"Fertility rate, total (births per woman)",SP.DYN.TFRT.IN,7.53,7.512,7.501,7.489,7.48,7.466,7.481,7.49,7.497,7.506,7.514,7.518,7.523,7.529,7.539,7.539,7.563,7.595,7.662,7.722,7.782,7.822,7.862,7.902,7.921,7.932,7.904,7.871,7.841,7.818,7.806,7.798,7.795,7.79,7.786,7.776,7.78,7.802,7.84,7.84,7.829,7.81,7.797,7.789,7.777,7.769,7.744,7.726,7.702,7.679,7.64,7.592,7.527,7.445,7.342,7.215,7.043,6.874,6.706,6.537,6.369,6.2,6.135,6.061,5.935,
NGA,Sub-Saharan Africa,Nigeria,NGA,Lower middle income,"Fertility rate, total (births per woman)",SP.DYN.TFRT.IN,6.364,6.353,6.356,6.349,6.362,6.367,6.386,6.401,6.42,6.438,6.466,6.532,6.579,6.633,6.703,6.773,6.806,6.862,6.921,6.887,6.847,6.82,6.799,6.775,6.701,6.616,6.557,6.504,6.498,6.494,6.459,6.426,6.391,6.354,6.319,6.273,6.217,6.138,6.069,6.082,6.124,6.128,6.116,6.1,6.09,6.063,6.053,6.027,6.024,5.993,5.948,5.893,5.797,5.694,5.622,5.503,5.343,5.182,5.021,4.861,4.7,4.636,4.552,4.482,4.382,
NIC,Latin America & Caribbean,Nicaragua,NIC,Lower middle income,"Fertility rate, total (births per woman)",SP.DYN.TFRT.IN,7.159,7.112,7.1,7.081,7.064,7.033,6.99,6.94,6.885,6.825,6.773,6.714,6.653,6.586,6.521,6.445,6.366,6.28,6.164,6.069,5.959,5.84,5.737,5.611,5.488,5.359,5.217,5.073,4.931,4.762,4.596,4.432,4.267,4.102,3.937,3.775,3.62,3.473,3.339,3.218,3.12,2.996,2.887,2.827,2.784,2.765,2.733,2.697,2.66,2.626,2.596,2.558,2.527,2.492,2.463,2.434,2.407,2.378,2.347,2.321,2.299,2.265,2.24,2.218,2.206,
NLD,Europe & Central Asia,Netherlands,NLD,High income,"Fertility rate, total (births per woman)",SP.DYN.TFRT.IN,3.12,3.22,3.18,3.19,3.17,3.04,2.9,2.81,2.72,2.75,2.57,2.36,2.15,1.9,1.77,1.66,1.63,1.58,1.58,1.56,1.6,1.56,1.5,1.47,1.49,1.51,1.55,1.56,1.55,1.55,1.62,1.61,1.59,1.57,1.57,1.53,1.53,1.56,1.63,1.65,1.72,1.71,1.73,1.75,1.72,1.71,1.72,1.72,1.77,1.79,1.79,1.76,1.72,1.68,1.71,1.66,1.66,1.62,1.59,1.57,1.54,1.62,1.49,1.43,1.43,
NOR,Europe & Central Asia,Norway,NOR,High income,"Fertility rate, total (births per woman)",SP.DYN.TFRT.IN,2.85,2.94,2.91,2.93,2.98,2.94,2.9,2.81,2.75,2.7,2.5,2.49,2.38,2.23,2.13,1.98,1.86,1.75,1.77,1.75,1.72,1.7,1.71,1.66,1.66,1.68,1.71,1.74,1.84,1.89,1.93,1.92,1.88,1.86,1.87,1.87,1.89,1.86,1.81,1.85,1.85,1.78,1.75,1.8,1.83,1.84,1.9,1.9,1.96,1.98,1.95,1.88,1.85,1.78,1.75,1.72,1.71,1.62,1.56,1.53,1.48,1.55,1.41,1.4,1.45,
NPL,South Asia,Nepal,NPL,Lower middle income,"Fertility rate, total (births per woman)",SP.DYN.TFRT.IN,6.069,6.093,6.082,6.056,6.043,6.007,5.98,5.954,5.944,5.893,5.869,5.845,5.801,5.701,5.75,5.733,5.717,5.688,5.676,5.644,5.603,5.576,5.549,5.536,5.509,5.457,5.4,5.348,5.307,5.258,5.211,5.151,5.074,5.042,4.964,4.869,4.668,4.442,4.275,4.13,3.984,3.793,3.604,3.439,3.279,3.115,2.967,2.857,2.737,2.63,2.541,2.462,2.42,2.36,2.319,2.273,2.226,2.173,2.12,2.08,2.051,2.025,2.002,1.984,1.961,
NRU,East Asia & Pacific,Naoero,NRU,High income,"Fertility rate, total (births per woman)",SP.DYN.TFRT.IN,5.337,5.376,5.423,5.441,5.473,5.476,5.412,5.294,5.139,4.942,4.74,4.541,4.355,4.192,4.067,3.972,3.899,3.858,3.843,3.847,3.878,3.935,3.993,4.056,4.108,4.144,4.149,4.143,4.114,4.068,4.02,3.991,3.952,3.887,3.837,3.808,3.775,3.738,3.683,3.636,3.543,3.461,3.4,3.388,3.378,3.377,3.4,3.504,3.665,3.847,4.019,4.117,4.115,4.098,4.085,4.075,4.027,3.879,3.683,3.531,3.466,3.425,3.379,3.331,3.29,
NZL,East Asia & Pacific,New Zealand,NZL,High income,"Fertility rate, total (births per woman)",SP.DYN.TFRT.IN,4.24,4.31,4.19,4.05,3.8,3.54,3.41,3.35,3.34,3.28,3.17,3.18,3,2.76,2.58,2.37,2.27,2.21,2.07,2.12,2.03,2.01,1.95,1.92,1.93,1.93,1.96,2.03,2.1,2.12,2.18,2.09,2.06,2.04,1.98,1.98,1.96,1.96,1.89,1.97,1.98,1.97,1.89,1.93,1.98,1.97,2.01,2.18,2.19,2.13,2.17,2.09,2.1,2.01,1.92,1.99,1.87,1.81,1.71,1.72,1.62,1.65,1.67,1.57,1.57,
OED,,OECD members,OED,,"Fertility rate, total (births per woman)",SP.DYN.TFRT.IN,3.291662951,3.294026981,3.257988483,3.240497382,3.224144249,3.133947345,2.981586059,2.996293594,2.917250684,2.877485951,2.84209798,2.776009048,2.639212084,2.550911369,2.490210136,2.397083013,2.330945812,2.292249184,2.243271262,2.238312953,2.215691086,2.165429382,2.146300669,2.102182584,2.066850669,2.056832037,2.029838299,2.012210108,2.014390239,2.004297995,2.010689083,1.986608198,1.962301656,1.927888789,1.905867393,1.866786227,1.85445903,1.840610392,1.833856613,1.821511587,1.834597752,1.802891774,1.781924636,1.785029803,1.789846639,1.783816736,1.813624692,1.829708538,1.833875008,1.804243516,1.791140898,1.767786055,1.770188516,1.745995325,1.75288052,1.740792176,1.727589342,1.693862618,1.666031902,1.631427115,1.582034373,1.58670767,1.546924916,1.493225827,1.477512619,
OMN,Middle East & North Africa,Oman,OMN,High income,"Fertility rate, total (births per woman)",SP.DYN.TFRT.IN,7.277,7.287,7.318,7.334,7.37,7.391,7.412,7.437,7.462,7.489,7.523,7.558,7.588,7.625,7.672,7.711,7.743,7.781,7.818,7.85,7.887,7.904,7.837,7.748,7.642,7.512,7.352,7.175,6.953,6.717,6.456,6.197,5.919,5.638,5.359,5.067,4.79,4.524,4.274,4.064,3.852,3.662,3.51,3.371,3.2,3.029,2.879,2.761,2.762,2.829,2.973,2.955,2.928,2.954,2.97,2.965,2.949,2.923,2.81,2.696,2.638,2.588,2.449,2.525,2.508,
OSS,,Other small states,OSS,,"Fertility rate, total (births per woman)",SP.DYN.TFRT.IN,4.435533199,4.442318303,4.416167691,4.413120192,4.37588021,4.292456299,4.262462176,4.134962367,4.138484643,4.076739009,4.045827812,4.017984125,3.98188798,3.830472164,3.857887998,3.830897993,3.844997693,3.805778445,3.79541435,3.80042491,3.818509965,3.816320946,3.825191482,3.82322448,3.787215085,3.74623187,3.738844596,3.744548208,3.752902103,3.724780104,3.695601316,3.622556405,3.586642012,3.449124604,3.373231178,3.27655453,3.217647195,3.131616486,3.063782562,2.991521082,2.924831627,2.869149888,2.847923073,2.815075325,2.79320089,2.750751693,2.710287831,2.685717705,2.664608944,2.627435644,2.570701371,2.515484205,2.476097121,2.412903935,2.377484836,2.324801256,2.297169051,2.250779659,2.209517945,2.168877993,2.144564154,2.125537227,2.06944285,2.039987318,2.01596668,
PAK,Middle East & North Africa,Pakistan,PAK,Lower middle income,"Fertility rate, total (births per woman)",SP.DYN.TFRT.IN,6.8,6.8,6.8,6.8,6.8,6.8,6.8,6.8,6.8,6.8,6.801,6.802,6.805,6.808,6.811,6.812,6.808,6.799,6.783,6.761,6.734,6.704,6.674,6.644,6.615,6.585,6.554,6.518,6.476,6.425,6.364,6.291,6.207,6.112,6.008,5.894,5.771,5.642,5.507,5.462,5.352,5.182,5.012,4.894,4.685,4.595,4.589,4.554,4.515,4.465,4.398,4.305,4.204,4.125,4.055,3.988,3.902,3.9,3.855,3.81,3.765,3.72,3.662,3.605,3.547,
PAN,Latin America & Caribbean,Panama,PAN,High income,"Fertility rate, total (births per woman)",SP.DYN.TFRT.IN,5.829,5.865,5.872,5.865,5.808,5.728,5.649,5.534,5.411,5.287,5.175,5.054,4.908,4.741,4.576,4.414,4.264,4.118,3.984,3.884,3.796,3.723,3.659,3.601,3.519,3.427,3.339,3.251,3.173,3.121,3.072,2.999,2.95,2.909,2.877,2.852,2.83,2.81,2.789,2.767,2.744,2.72,2.698,2.679,2.68,2.643,2.62,2.612,2.608,2.593,2.587,2.604,2.591,2.569,2.552,2.53,2.502,2.462,2.402,2.288,2.184,2.152,2.139,2.119,2.106,
PER,Latin America & Caribbean,Peru,PER,Upper middle income,"Fertility rate, total (births per woman)",SP.DYN.TFRT.IN,6.941,6.923,6.895,6.858,6.81,6.75,6.68,6.6,6.513,6.418,6.316,6.207,6.091,5.968,5.841,5.709,5.575,5.44,5.305,5.171,5.041,4.915,4.795,4.68,4.568,4.46,4.354,4.247,4.138,4.026,3.912,3.794,3.673,3.552,3.432,3.315,3.203,3.099,3.002,2.917,2.845,2.744,2.693,2.661,2.673,2.643,2.619,2.583,2.528,2.48,2.421,2.413,2.356,2.317,2.271,2.229,2.189,2.152,2.118,2.086,2.056,2.029,2.004,1.98,1.965,
PHL,East Asia & Pacific,Philippines,PHL,Upper middle income,"Fertility rate, total (births per woman)",SP.DYN.TFRT.IN,6.996,6.994,6.98,6.952,6.886,6.799,6.691,6.572,6.448,6.333,6.218,6.083,5.937,5.787,5.693,5.596,5.505,5.442,5.393,5.255,5.108,4.973,4.917,4.867,4.77,4.664,4.563,4.509,4.449,4.365,4.322,4.273,4.161,4.098,4.079,4.067,4.004,3.943,3.884,3.825,3.754,3.719,3.651,3.591,3.524,3.448,3.466,3.403,3.401,3.376,3.315,3.236,3.143,3.042,2.894,2.829,2.679,2.525,2.378,2.215,2.075,1.95,1.929,1.916,1.894,
PLW,East Asia & Pacific,Palau,PLW,High income,"Fertility rate, total (births per woman)",SP.DYN.TFRT.IN,7.189,7.173,7.145,7.117,7.076,7.014,6.932,6.836,6.714,6.576,6.387,6.164,5.896,5.592,5.258,4.903,4.526,4.09,3.74,3.486,3.351,3.276,3.22,3.143,3.08,3.01,2.976,2.933,2.905,2.917,2.881,2.742,2.71,2.727,2.661,2.553,2.39,2.187,2.006,1.906,1.819,1.87,1.923,1.962,1.989,2.017,1.996,1.968,1.947,1.935,1.937,1.965,2.006,2.054,2.032,2.002,2.055,2.019,1.97,1.984,1.972,1.95,1.927,1.907,1.883,
PNG,East Asia & Pacific,Papua New Guinea,PNG,Lower middle income,"Fertility rate, total (births per woman)",SP.DYN.TFRT.IN,6.018,6.074,6.135,6.153,6.191,6.203,6.232,6.242,6.252,6.258,6.25,6.229,6.197,6.16,6.114,6.065,6.018,5.957,5.879,5.785,5.705,5.645,5.587,5.563,5.514,5.47,5.415,5.359,5.302,5.243,5.18,5.109,5.033,4.962,4.87,4.78,4.728,4.679,4.632,4.587,4.525,4.469,4.419,4.362,4.283,4.22,4.148,4.076,4.015,3.941,3.883,3.816,3.746,3.684,3.625,3.558,3.495,3.432,3.382,3.322,3.274,3.215,3.165,3.099,3.072,
POL,Europe & Central Asia,Poland,POL,High income,"Fertility rate, total (births per woman)",SP.DYN.TFRT.IN,2.98,2.83,2.72,2.7,2.57,2.52,2.34,2.33,2.24,2.2,2.2,2.25,2.24,2.26,2.26,2.27,2.3,2.23,2.21,2.28,2.28,2.24,2.34,2.42,2.37,2.33,2.22,2.15,2.13,2.08,2.06,2.07,1.95,1.87,1.81,1.62,1.59,1.51,1.44,1.37,1.37,1.31,1.25,1.22,1.23,1.24,1.27,1.31,1.39,1.4,1.41,1.33,1.33,1.29,1.32,1.32,1.39,1.48,1.46,1.44,1.39,1.33,1.29,1.2,1.14,
PRE,,Pre-demographic dividend,PRE,,"Fertility rate, total (births per woman)",SP.DYN.TFRT.IN,6.566628012,6.600559727,6.665549032,6.684908228,6.708986977,6.732334188,6.762215155,6.788157964,6.81381273,6.835193436,6.856543761,6.885473037,6.905284127,6.921291853,6.944153078,6.961727436,6.96801755,6.978976423,6.985853702,6.970660323,6.950450212,6.925754233,6.896638086,6.865558777,6.821298201,6.774603355,6.734205046,6.691005941,6.65368222,6.614648894,6.567098184,6.518111425,6.468162463,6.417858178,6.365148034,6.318804723,6.270416265,6.225076542,6.179202309,6.144190796,6.109385687,6.061134353,6.01254449,5.968070225,5.933296238,5.893090329,5.858962401,5.814893195,5.780018383,5.738454778,5.687658361,5.624195265,5.544822207,5.45936452,5.374587572,5.277585478,5.176387288,5.076222222,4.972782038,4.870310521,4.774234594,4.702635869,4.628676584,4.559565712,4.485456159,
PRI,Latin America & Caribbean,Puerto Rico (US),PRI,High income,"Fertility rate, total (births per woman)",SP.DYN.TFRT.IN,4.796,4.51,4.359,4.525,4.108,4.044,3.817,3.569,3.381,3.315,3.243,3.291,3.058,2.93,2.882,2.772,2.863,2.923,2.9,2.846,2.815,2.711,2.613,2.456,2.353,2.351,2.355,2.328,2.307,2.386,2.378,2.302,2.29,2.307,2.278,2.248,1.94,1.9,1.9,2,2.0485,1.9346,1.8317,1.7624,1.7822,1.7702,1.7123,1.6505,1.6516,1.6528,1.6235,1.5965,1.5425,1.47,1.432,1.3365,1.2425,1.101,1.035,0.982,0.922,0.907,0.914,0.92,0.92,
PRK,East Asia & Pacific,"Korea, Dem. People's Rep.",PRK,Low income,"Fertility rate, total (births per woman)",SP.DYN.TFRT.IN,3.568,3.261,3.412,3.626,3.547,3.556,3.709,4.05,3.872,3.86,3.848,3.739,3.889,3.353,3.142,3.047,2.836,2.771,2.793,2.849,2.841,2.921,2.854,2.777,2.708,2.646,2.594,2.529,2.468,2.412,2.388,2.351,2.287,2.218,2.183,2.146,2.093,2.027,1.991,1.966,1.941,1.94,1.919,1.909,1.899,1.872,1.936,1.943,1.97,1.905,1.89,1.883,1.882,1.877,1.874,1.863,1.856,1.848,1.834,1.825,1.821,1.806,1.797,1.78,1.784,
PRT,Europe & Central Asia,Portugal,PRT,High income,"Fertility rate, total (births per woman)",SP.DYN.TFRT.IN,3.16,3.21,3.23,3.12,3.21,3.15,3.16,3.16,3.12,3.12,3.01,3,2.86,2.77,2.7,2.75,2.82,2.69,2.45,2.31,2.25,2.13,2.07,1.95,1.9,1.72,1.66,1.62,1.61,1.57,1.56,1.56,1.54,1.52,1.45,1.41,1.44,1.47,1.47,1.5,1.55,1.45,1.46,1.44,1.4,1.41,1.37,1.35,1.39,1.34,1.39,1.35,1.28,1.21,1.24,1.31,1.37,1.38,1.42,1.44,1.42,1.35,1.43,1.45,1.41,
PRY,Latin America & Caribbean,Paraguay,PRY,Upper middle income,"Fertility rate, total (births per woman)",SP.DYN.TFRT.IN,6.5,6.489,6.472,6.447,6.421,6.345,6.231,6.097,5.972,5.837,5.718,5.591,5.458,5.351,5.272,5.177,5.117,5.078,5.036,5.062,5.102,5.153,5.126,5.087,5.037,4.974,4.929,4.847,4.774,4.681,4.565,4.481,4.402,4.282,4.196,4.108,4.014,3.911,3.798,3.67,3.508,3.361,3.233,3.123,3.053,2.973,2.889,2.823,2.792,2.757,2.695,2.667,2.658,2.636,2.646,2.645,2.624,2.591,2.561,2.525,2.497,2.469,2.444,2.422,2.416,
PSE,Middle East & North Africa,West Bank and Gaza,PSE,Lower middle income,"Fertility rate, total (births per woman)",SP.DYN.TFRT.IN,,,,,,,,,,,,,,,,,,,,,,,,,,,,,,,6.809,6.751,6.65,6.501,6.334,6.161,5.988,5.817,5.693,5.583,5.457,5.342,5.216,5.062,4.971,4.867,4.739,4.627,4.509,4.44,4.434,4.305,4.154,4.049,3.995,3.977,3.887,3.771,3.674,3.591,3.511,3.442,3.375,3.311,3.25,
PSS,,Pacific island small states,PSS,,"Fertility rate, total (births per woman)",SP.DYN.TFRT.IN,6.732526091,6.686921289,6.630951216,6.560110235,6.486557352,6.372949334,6.253561718,6.131916296,6.001377438,5.881795013,5.757741983,5.625804916,5.490759376,5.373868323,5.292304503,5.273306569,5.245684366,5.198413347,5.155682581,5.106268922,5.04994891,4.994394211,4.939908497,4.878362431,4.80830064,4.70694958,4.607044442,4.533544163,4.467809192,4.40934288,4.362072099,4.31127845,4.25954187,4.213406251,4.169501314,4.138214814,4.099277682,4.026988464,3.954061825,3.881113536,3.816715951,3.770324256,3.727823136,3.688346953,3.65298369,3.620763177,3.605088101,3.588904725,3.569306766,3.543919509,3.515705871,3.488205629,3.471724739,3.456544278,3.448193593,3.410857002,3.359827409,3.294018403,3.237261924,3.179689963,3.144775992,3.109740983,3.067298706,3.028003943,3.005900371,
PST,,Post-demographic dividend,PST,,"Fertility rate, total (births per woman)",SP.DYN.TFRT.IN,2.904428089,2.899133308,2.85868751,2.833964592,2.812921535,2.715196451,2.565290507,2.580887735,2.503535145,2.466079537,2.43590113,2.372635962,2.2346511,2.144129839,2.091305363,1.999675349,1.936744773,1.903203188,1.856511804,1.862396404,1.851627669,1.80682021,1.79855404,1.76680323,1.740134552,1.737701731,1.726078512,1.720467481,1.740275071,1.733035432,1.751071458,1.724763156,1.702946569,1.663138371,1.641812813,1.609412693,1.603381026,1.594241232,1.590846824,1.585921773,1.615690562,1.588920974,1.581329658,1.598249648,1.61251201,1.612011407,1.65744164,1.685451748,1.698116384,1.672455875,1.660790429,1.6447143,1.651743684,1.625350777,1.633110297,1.62863673,1.622315668,1.580280961,1.550289675,1.519168028,1.474643074,1.489029821,1.441512207,1.39723789,1.386177936,
PYF,East Asia & Pacific,French Polynesia,PYF,High income,"Fertility rate, total (births per woman)",SP.DYN.TFRT.IN,5.931,5.946,5.968,5.975,5.98,6,5.981,5.951,5.9,5.818,5.628,5.446,5.272,5.091,4.906,4.713,4.512,4.366,4.045,3.941,3.935,3.934,3.797,3.743,3.834,3.862,3.714,3.622,3.748,3.49,3.434,3.259,3.15,3.084,2.942,2.781,2.716,2.59,2.49,2.581,2.596,2.523,2.425,2.26,2.198,2.181,2.217,2.122,2.195,2.148,2.165,2.061,2.026,1.937,1.957,1.872,1.763,1.669,1.645,1.567,1.57,1.532,1.515,1.501,1.491,
QAT,Middle East & North Africa,Qatar,QAT,High income,"Fertility rate, total (births per woman)",SP.DYN.TFRT.IN,6.531,6.526,6.53,6.527,6.525,6.527,6.521,6.462,6.392,6.311,6.228,6.145,6.073,6.008,5.935,5.861,5.782,5.691,5.577,5.461,5.329,5.196,5.044,4.898,4.756,4.642,4.565,4.539,4.515,4.412,4.23,3.988,3.852,3.765,3.665,3.557,3.444,3.327,3.211,3.117,3.073,3.08,3.011,2.925,2.794,2.635,2.509,2.438,2.369,2.254,2.137,2.07,2.04,2.032,2.03,1.976,1.856,1.834,1.756,1.731,1.675,1.605,1.739,1.729,1.717,
ROU,Europe & Central Asia,Romania,ROU,High income,"Fertility rate, total (births per woman)",SP.DYN.TFRT.IN,2.34,2.17,2.04,2.01,1.96,1.91,1.9,3.66,3.63,3.19,2.89,2.67,2.55,2.44,2.71,2.59,2.54,2.57,2.52,2.49,2.43,2.36,2.17,2.06,2.26,2.31,2.39,2.38,2.3,2.22,1.83,1.59,1.51,1.43,1.4,1.33,1.3,1.32,1.32,1.3,1.31,1.27,1.27,1.3,1.33,1.4,1.42,1.45,1.6,1.66,1.59,1.47,1.52,1.46,1.56,1.62,1.69,1.78,1.76,1.77,1.8,1.81,1.71,1.54,1.39,
RUS,Europe & Central Asia,Russian Federation,RUS,High income,"Fertility rate, total (births per woman)",SP.DYN.TFRT.IN,2.52,2.45,2.36,2.27,2.18,2.13,2.1,2.04,1.99,1.97,1.99,2.03,2.04,2.01,2,1.98,1.97,1.95,1.92,1.9,1.89,1.91,2.04,2.11,2.06,2.05,2.15,2.22,2.12,2.01,1.892,1.732,1.552,1.385,1.4,1.337,1.27,1.218,1.232,1.157,1.195,1.223,1.286,1.319,1.344,1.294,1.305,1.416,1.502,1.542,1.567,1.582,1.691,1.707,1.75,1.777,1.762,1.621,1.579,1.504,1.505,1.505,1.416,1.41,1.418,
RWA,Sub-Saharan Africa,Rwanda,RWA,Low income,"Fertility rate, total (births per woman)",SP.DYN.TFRT.IN,8.283,8.279,8.271,8.269,8.266,8.249,8.23,8.211,8.187,8.176,8.145,8.092,8.089,8.092,8.102,8.096,8.122,8.138,8.157,8.13,8.115,8.102,8.064,8.001,7.913,7.786,7.612,7.426,7.234,7.029,6.803,6.622,6.539,6.479,6.415,6.345,6.289,6.235,6.171,6.059,5.967,5.893,5.816,5.737,5.64,5.5,5.335,5.141,4.922,4.707,4.522,4.332,4.201,4.136,4.117,4.108,4.106,4.084,4.047,3.985,3.913,3.841,3.778,3.698,3.645,
SAS,,South Asia,SAS,,"Fertility rate, total (births per woman)",SP.DYN.TFRT.IN,5.996433145,6.0129255,6.028328464,6.039867759,6.045721783,6.008650222,5.954284275,5.907648702,5.849578959,5.782001526,5.731136508,5.676943756,5.601303869,5.525994283,5.455831786,5.33807897,5.274441375,5.159746636,5.051306317,4.973149121,4.932103893,4.855080431,4.769637796,4.697163792,4.635430918,4.540897902,4.484212572,4.382451139,4.280442887,4.186583285,4.090798095,3.989653835,3.892367456,3.803005356,3.725528108,3.644852528,3.571543579,3.507444124,3.436518808,3.372337368,3.333953561,3.283083884,3.198283541,3.103434331,3.025416283,2.936879897,2.846972854,2.756696545,2.689050825,2.644431807,2.56574779,2.500225144,2.44177824,2.378272065,2.283962741,2.278910706,2.273306014,2.191581719,2.181340599,2.124076233,2.060193822,2.031029904,2.014011713,1.99556442,1.980991878,
SAU,Middle East & North Africa,Saudi Arabia,SAU,High income,"Fertility rate, total (births per woman)",SP.DYN.TFRT.IN,7.626,7.634,7.636,7.654,7.672,7.658,7.655,7.658,7.627,7.597,7.583,7.556,7.539,7.484,7.426,7.37,7.33,7.295,7.263,7.227,7.145,7.067,6.979,6.875,6.776,6.649,6.517,6.343,6.15,5.975,5.804,5.644,5.489,5.326,5.161,4.986,4.812,4.656,4.524,4.354,4.206,3.964,3.709,3.465,3.264,3.161,3.176,3.185,3.074,2.95,2.81,2.8,2.78,2.67,2.68,2.63,2.65,2.67,2.67,2.49,2.27,2.17,2.14,2.28,2.308,
SDN,Sub-Saharan Africa,Sudan,SDN,Low income,"Fertility rate, total (births per woman)",SP.DYN.TFRT.IN,6.663,6.656,6.704,6.758,6.804,6.84,6.879,6.909,6.946,6.967,6.986,7.019,6.983,6.939,6.909,6.866,6.823,6.775,6.72,6.651,6.592,6.528,6.473,6.413,6.343,6.279,6.225,6.175,6.132,6.106,6.074,6.05,6.019,5.97,5.912,5.856,5.792,5.717,5.646,5.622,5.596,5.562,5.531,5.489,5.455,5.397,5.332,5.27,5.212,5.173,5.141,5.087,5.031,4.965,4.912,4.898,4.829,4.761,4.681,4.617,4.542,4.457,4.384,4.323,4.264,
SEN,Sub-Saharan Africa,Senegal,SEN,Lower middle income,"Fertility rate, total (births per woman)",SP.DYN.TFRT.IN,6.996,7.038,7.079,7.12,7.157,7.19,7.217,7.237,7.251,7.259,7.262,7.261,7.258,7.255,7.252,7.252,7.258,7.268,7.279,7.29,7.292,7.279,7.245,7.189,7.111,7.013,6.902,6.785,6.577,6.479,6.396,6.267,6.149,6.049,5.915,5.819,5.723,5.639,5.581,5.573,5.498,5.397,5.301,5.246,5.192,5.133,5.064,5.018,5.024,5.025,5.055,5.099,5.129,5.049,4.884,4.751,4.648,4.489,4.294,4.1,4.003,3.936,3.864,3.818,3.765,
SGP,East Asia & Pacific,Singapore,SGP,High income,"Fertility rate, total (births per woman)",SP.DYN.TFRT.IN,5.76,5.41,5.21,5.16,4.97,4.66,4.46,3.91,3.53,3.22,3.07,3.02,3.04,2.79,2.35,2.07,2.11,1.82,1.79,1.79,1.82,1.78,1.74,1.61,1.62,1.61,1.43,1.62,1.96,1.75,1.83,1.73,1.72,1.74,1.71,1.67,1.66,1.61,1.48,1.47,1.6,1.41,1.37,1.27,1.26,1.26,1.28,1.29,1.28,1.22,1.15,1.2,1.29,1.19,1.25,1.24,1.2,1.16,1.14,1.14,1.1,1.12,1.04,0.97,0.97,
SLB,East Asia & Pacific,Solomon Islands,SLB,Lower middle income,"Fertility rate, total (births per woman)",SP.DYN.TFRT.IN,7.065,7.052,7.042,7.034,7.047,7.017,6.997,6.974,6.948,6.974,6.983,6.985,6.992,7.001,7.01,6.988,6.954,6.915,6.871,6.822,6.768,6.709,6.64,6.569,6.489,6.375,6.259,6.115,5.99,5.867,5.74,5.62,5.509,5.453,5.398,5.335,5.221,5.093,4.977,4.861,4.757,4.673,4.602,4.539,4.466,4.411,4.39,4.372,4.358,4.349,4.341,4.335,4.332,4.325,4.36,4.291,4.2,4.06,3.93,3.8,3.749,3.694,3.62,3.557,3.513,
SLE,Sub-Saharan Africa,Sierra Leone,SLE,Low income,"Fertility rate, total (births per woman)",SP.DYN.TFRT.IN,6.175,6.205,6.222,6.261,6.294,6.311,6.345,6.383,6.385,6.393,6.411,6.429,6.447,6.473,6.534,6.546,6.553,6.568,6.591,6.582,6.562,6.554,6.563,6.573,6.592,6.592,6.597,6.609,6.588,6.571,6.567,6.553,6.555,6.569,6.557,6.555,6.552,6.531,6.495,6.423,6.355,6.305,6.23,6.087,5.919,5.807,5.737,5.643,5.563,5.448,5.327,5.209,5.064,4.873,4.703,4.548,4.466,4.389,4.294,4.192,4.08,3.978,3.876,3.791,3.703,
SLV,Latin America & Caribbean,El Salvador,SLV,Upper middle income,"Fertility rate, total (births per woman)",SP.DYN.TFRT.IN,6.618,6.644,6.675,6.69,6.684,6.636,6.565,6.487,6.386,6.278,6.178,6.13,6.032,5.929,5.822,5.705,5.59,5.473,5.357,5.234,5.107,4.986,4.826,4.65,4.478,4.316,4.194,4.175,4.103,4.033,3.964,3.889,3.802,3.691,3.613,3.568,3.482,3.377,3.342,3.217,3.076,2.93,2.775,2.636,2.516,2.44,2.395,2.354,2.291,2.261,2.239,2.224,2.187,2.154,2.126,2.067,1.965,1.896,1.849,1.838,1.819,1.803,1.785,1.775,1.768,
SMR,Europe & Central Asia,San Marino,SMR,High income,"Fertility rate, total (births per woman)",SP.DYN.TFRT.IN,2.428,2.684,2.434,2.401,2.368,2.334,2.326,2.305,2.299,2.312,2.316,2.326,2.286,2.227,2.134,2.053,1.947,1.868,1.771,1.634,1.525,1.412,1.304,1.248,1.198,1.17,1.147,1.135,1.14,1.145,1.162,1.167,1.15,1.123,1.138,1.166,1.212,1.243,1.263,1.288,1.404,1.519,1.432,1.296,1.298,1.198,1.242,1.257,1.521,1.358,1.459,1.456,1.289,1.483,1.259,1.196,1.127,1.054,1.077,1.096,1.113,1.125,1.136,1.149,1.158,
SOM,Sub-Saharan Africa,"Somalia, Fed. Rep.",SOM,Low income,"Fertility rate, total (births per woman)",SP.DYN.TFRT.IN,7.25,7.252,7.255,7.258,7.261,7.261,7.257,7.248,7.231,7.209,7.182,7.151,7.118,7.086,7.057,7.033,7.016,7.004,7.13,7.161,7.178,7.227,7.252,7.277,7.3,7.327,7.349,7.373,7.398,7.424,7.44,7.47,7.5,7.526,7.544,7.581,7.621,7.662,7.656,7.657,7.645,7.636,7.626,7.603,7.568,7.527,7.49,7.457,7.415,7.376,7.322,7.268,7.211,7.14,7.061,6.975,6.878,6.766,6.662,6.56,6.453,6.353,6.255,6.132,6.013,
SRB,Europe & Central Asia,Serbia,SRB,Upper middle income,"Fertility rate, total (births per woman)",SP.DYN.TFRT.IN,2.155,2.133,2.109,2.084,2.067,2.057,2.041,2.02,2.005,1.986,1.973,1.96,1.952,1.94,1.93,1.923,1.913,1.901,1.889,1.875,1.863,1.852,1.842,1.832,1.814,1.8,1.778,1.749,1.72,1.685,1.649,1.612,1.573,1.544,1.505,1.468,1.436,1.398,1.37,1.354,1.48,1.58,1.57,1.59,1.57,1.45,1.43,1.38,1.4,1.44,1.4,1.4,1.45,1.43,1.46,1.46,1.46,1.49,1.49,1.52,1.48,1.52,1.59,1.62,1.64,
SSA,,Sub-Saharan Africa (excluding high income),SSA,,"Fertility rate, total (births per woman)",SP.DYN.TFRT.IN,6.571969885,6.585917135,6.604097836,6.61978262,6.636184027,6.650525545,6.6775175,6.694073751,6.708781425,6.720230311,6.735543542,6.756617494,6.771505659,6.783001792,6.796998695,6.80663109,6.805819836,6.807767312,6.808641642,6.793078917,6.773782793,6.748534024,6.721405854,6.686066685,6.638597515,6.587526085,6.539531586,6.490965297,6.434694036,6.37406863,6.301693965,6.243624456,6.18266939,6.125984449,6.065428363,6.005388107,5.936355689,5.867018891,5.815236466,5.77785446,5.73856058,5.696986284,5.652279845,5.61392051,5.587239922,5.559276439,5.52235933,5.476618214,5.446189151,5.386283107,5.325279483,5.254948928,5.178323023,5.097361931,5.023997403,4.943448479,4.859951061,4.780523571,4.696912674,4.613543833,4.529947491,4.464661993,4.396831118,4.332755357,4.264403027,
SSD,Sub-Saharan Africa,South Sudan,SSD,Low income,"Fertility rate, total (births per woman)",SP.DYN.TFRT.IN,7.161,7.178,7.195,7.196,7.22,7.222,7.254,7.257,7.264,7.281,7.286,7.296,7.311,7.311,7.314,7.326,7.331,7.325,7.329,7.32,7.328,7.332,7.343,7.342,7.346,7.357,7.378,7.386,7.376,7.374,7.377,7.377,7.37,7.36,7.346,7.337,7.321,7.199,7.078,6.937,6.803,6.654,6.515,6.353,6.19,6.022,5.853,5.704,5.569,5.446,5.318,5.193,5.061,4.939,4.818,4.695,4.579,4.483,4.37,4.26,4.16,4.047,3.964,3.864,3.785,
SSF,,Sub-Saharan Africa,SSF,,"Fertility rate, total (births per woman)",SP.DYN.TFRT.IN,6.571748756,6.585713977,6.603909312,6.619609654,6.636025585,6.650370798,6.677427597,6.693945492,6.708608172,6.720036123,6.735321834,6.756452509,6.771254204,6.782691108,6.796734338,6.806308892,6.80539114,6.807281733,6.808183453,6.792581724,6.773309445,6.748045353,6.720843005,6.685533374,6.638082238,6.587003745,6.539022679,6.490431041,6.434158605,6.373533178,6.301167991,6.24312233,6.18216074,6.125490715,6.064942617,6.004880935,5.935852306,5.866498678,5.814715384,5.777339783,5.738062841,5.696490794,5.651794491,5.613460017,5.586790663,5.55886459,5.521944699,5.476235193,5.445824149,5.385941108,5.324918807,5.254636492,5.178030155,5.097073502,5.023722284,4.94319329,4.859717622,4.780305542,4.696709361,4.61335184,4.529759658,4.464499504,4.396631662,4.332565918,4.264193723,
SST,,Small states,SST,,"Fertility rate, total (births per woman)",SP.DYN.TFRT.IN,5.048657669,5.035529076,5.01009234,4.98391911,4.92530496,4.82802743,4.755503164,4.605502695,4.5500171,4.44721007,4.370055952,4.309252147,4.239249388,4.090885096,4.049857156,3.988598913,3.957737901,3.902786799,3.862556031,3.84305903,3.830586698,3.813628327,3.807824863,3.792366089,3.74141501,3.695478655,3.658843902,3.630962842,3.605543749,3.567892822,3.530523368,3.464008933,3.427007551,3.319700692,3.254637119,3.179715607,3.125826808,3.056815841,2.993774952,2.938326268,2.883383964,2.833971568,2.798086583,2.759736263,2.730960218,2.701148359,2.673085818,2.656432404,2.640779493,2.613777078,2.566698775,2.525179254,2.498277623,2.456041443,2.430221847,2.386945585,2.356788435,2.312293384,2.275437796,2.235880736,2.211827651,2.188973094,2.148516096,2.124161792,2.106777235,
STP,Sub-Saharan Africa,Sao Tome and Principe,STP,Lower middle income,"Fertility rate, total (births per woman)",SP.DYN.TFRT.IN,6.242,6.263,6.284,6.306,6.327,6.349,6.371,6.394,6.419,6.444,6.468,6.49,6.51,6.525,6.534,6.534,6.524,6.504,6.473,6.434,6.386,6.333,6.276,6.217,6.158,6.101,6.046,5.992,5.938,5.884,5.828,5.769,5.704,5.635,5.562,5.554,5.474,5.396,5.304,5.228,5.157,5.097,5.062,5.013,4.962,4.939,4.933,4.957,4.906,4.838,4.769,4.718,4.664,4.584,4.485,4.354,4.203,4.069,3.977,3.9,3.827,3.759,3.695,3.644,3.596,
SUR,Latin America & Caribbean,Suriname,SUR,Upper middle income,"Fertility rate, total (births per woman)",SP.DYN.TFRT.IN,6.59,6.583,6.572,6.508,6.426,6.321,6.198,6.038,5.863,5.696,5.529,5.356,5.176,5.007,4.811,4.629,4.445,4.256,4.08,3.925,3.791,3.752,3.821,3.865,3.796,3.711,3.61,3.53,3.461,3.387,3.225,3.094,3.013,2.943,2.899,2.897,2.92,2.952,2.986,3.016,3.046,3.057,2.956,2.839,2.738,2.712,2.727,2.735,2.727,2.712,2.688,2.667,2.669,2.651,2.62,2.57,2.5,2.431,2.381,2.347,2.314,2.295,2.274,2.249,2.231,
SVK,Europe & Central Asia,Slovak Republic,SVK,High income,"Fertility rate, total (births per woman)",SP.DYN.TFRT.IN,3.04,2.96,2.83,2.92,2.89,2.78,2.66,2.48,2.39,2.43,2.41,2.43,2.49,2.56,2.61,2.55,2.55,2.49,2.47,2.45,2.32,2.29,2.28,2.28,2.26,2.26,2.2,2.14,2.13,2.07,2.09,2.05,1.93,1.87,1.67,1.52,1.47,1.43,1.37,1.33,1.3,1.2,1.19,1.2,1.25,1.27,1.25,1.27,1.34,1.44,1.43,1.45,1.34,1.34,1.37,1.4,1.48,1.52,1.54,1.57,1.59,1.63,1.57,1.49,1.46,
SVN,Europe & Central Asia,Slovenia,SVN,High income,"Fertility rate, total (births per woman)",SP.DYN.TFRT.IN,2.185,2.27,2.276,2.269,2.305,2.432,2.465,2.37,2.253,2.174,2.109,2.157,2.165,2.204,2.125,2.175,2.201,2.166,2.196,2.215,2.11,1.961,1.93,1.81,1.74,1.71,1.67,1.65,1.63,1.52,1.46,1.42,1.33,1.33,1.32,1.29,1.28,1.25,1.23,1.21,1.26,1.21,1.21,1.2,1.25,1.26,1.31,1.38,1.53,1.53,1.57,1.56,1.58,1.55,1.58,1.57,1.58,1.62,1.6,1.61,1.59,1.64,1.55,1.51,1.52,
SWE,Europe & Central Asia,Sweden,SWE,High income,"Fertility rate, total (births per woman)",SP.DYN.TFRT.IN,2.17,2.21,2.25,2.33,2.47,2.39,2.37,2.28,2.07,1.93,1.92,1.96,1.91,1.87,1.87,1.77,1.68,1.64,1.6,1.66,1.68,1.63,1.62,1.61,1.66,1.74,1.8,1.84,1.96,2.01,2.13,2.11,2.09,1.99,1.88,1.73,1.6,1.52,1.5,1.5,1.54,1.57,1.65,1.71,1.75,1.77,1.85,1.88,1.91,1.94,1.98,1.9,1.91,1.89,1.88,1.85,1.85,1.78,1.76,1.71,1.67,1.67,1.53,1.45,1.43,
SWZ,Sub-Saharan Africa,Eswatini,SWZ,Lower middle income,"Fertility rate, total (births per woman)",SP.DYN.TFRT.IN,6.752,6.774,6.794,6.804,6.789,6.794,6.802,6.766,6.761,6.761,6.749,6.739,6.722,6.715,6.71,6.707,6.701,6.676,6.647,6.607,6.574,6.539,6.491,6.432,6.36,6.282,6.106,5.902,5.693,5.479,5.295,5.132,4.981,4.815,4.662,4.523,4.378,4.235,4.125,4.089,4.03,3.944,3.854,3.796,3.76,3.704,3.632,3.58,3.567,3.504,3.375,3.317,3.266,3.237,3.181,3.122,3.068,3.018,2.971,2.925,2.888,2.841,2.801,2.753,2.718,
SXM,Latin America & Caribbean,Sint Maarten (Dutch part),SXM,High income,"Fertility rate, total (births per woman)",SP.DYN.TFRT.IN,4.767,4.678,4.572,4.467,4.354,4.233,4.084,3.941,3.784,3.634,3.48,3.346,3.234,3.111,3.009,2.921,2.833,2.752,2.683,2.629,2.593,2.546,2.486,2.398,2.289,2.181,2.102,2.031,1.962,1.902,1.848,1.847,1.882,1.942,2.054,2.143,2.184,2.173,2.142,2.066,1.982,1.892,1.809,1.742,1.702,1.708,1.758,1.572,1.728,1.713,1.848,1.99,1.959,1.894,1.817,1.732,1.642,1.571,1.522,1.481,1.467,1.456,1.453,1.447,1.44,
SYC,Sub-Saharan Africa,Seychelles,SYC,High income,"Fertility rate, total (births per woman)",SP.DYN.TFRT.IN,5.313,5.422,5.513,5.606,5.694,5.716,6.126,5.895,5.614,5.479,5.307,5.689,5.155,4.784,5.099,4.752,4.086,3.754,3.919,3.66,3.79,3.665,3.131,3.218,3.24,3.091,3.074,2.922,2.789,2.671,2.607,2.692,2.526,2.582,2.597,2.361,2.311,2.1,2.04,2.04,2.08,1.98,2.04,2.06,2.01,2.2,2.11,2.24,2.33,2.38,2.13,2.3,2.32,2.21,2.19,2.26,2.33,2.34,2.34,2.31,2.2,2.38,2.2,2.18,1.85,
SYR,Middle East & North Africa,Syrian Arab Republic,SYR,Low income,"Fertility rate, total (births per woman)",SP.DYN.TFRT.IN,7.505,7.502,7.51,7.511,7.525,7.532,7.552,7.556,7.569,7.586,7.621,7.6,7.573,7.548,7.52,7.486,7.448,7.418,7.345,7.247,7.119,6.974,6.811,6.692,6.586,6.484,6.365,6.201,5.999,5.777,5.561,5.342,5.141,4.994,4.856,4.697,4.536,4.371,4.25,4.144,4.068,3.976,3.865,3.763,3.679,3.605,3.562,3.538,3.481,3.415,3.355,3.285,3.221,3.165,3.117,3.067,3.012,2.972,2.932,2.878,2.837,2.798,2.746,2.712,2.7,
TCA,Latin America & Caribbean,Turks and Caicos Islands,TCA,High income,"Fertility rate, total (births per woman)",SP.DYN.TFRT.IN,5.991,5.907,5.816,5.719,5.608,5.502,5.435,5.395,5.397,5.311,5.229,5.141,5.027,4.913,4.793,4.687,4.624,4.553,4.485,4.43,4.37,4.291,4.192,4.085,3.986,3.908,3.789,3.653,3.499,3.335,3.189,3.053,2.939,2.842,2.756,2.699,2.649,2.581,2.52,2.464,2.406,2.342,2.242,2.176,2.136,2.106,2.078,2.049,2.005,1.959,1.907,1.859,1.805,1.752,1.729,1.718,1.713,1.704,1.677,1.617,1.552,1.501,1.477,1.463,1.452,
TCD,Sub-Saharan Africa,Chad,TCD,Low income,"Fertility rate, total (births per woman)",SP.DYN.TFRT.IN,6.25,6.268,6.285,6.301,6.318,6.337,6.362,6.393,6.432,6.477,6.528,6.582,6.85,6.869,6.864,6.876,6.893,6.896,6.891,6.905,6.908,6.942,6.961,6.979,7.015,7.037,7.067,7.105,7.154,7.186,7.219,7.261,7.296,7.337,7.31,7.29,7.292,7.274,7.266,7.262,7.249,7.231,7.201,7.179,7.16,7.134,7.118,7.092,7.063,7.021,6.99,6.948,6.905,6.839,6.781,6.706,6.623,6.537,6.464,6.412,6.346,6.255,6.215,6.12,6.028,
TEA,,East Asia & Pacific (IDA & IBRD countries),TEA,,"Fertility rate, total (births per woman)",SP.DYN.TFRT.IN,4.853371523,4.39766293,6.066006973,7.120627342,6.49569676,6.438673771,6.205144539,5.82251934,6.332566215,6.070906717,5.982421619,5.543753831,5.21678906,4.90525554,4.446852869,3.977937668,3.699354768,3.37881211,3.255866644,3.24636124,3.211339026,3.216614516,3.324957933,2.993615702,2.994329988,2.965396418,2.984943743,2.980001012,2.79578734,2.762072213,2.736552478,2.300068606,2.161427152,2.083360489,2.021366476,1.975984526,1.935591568,1.898042431,1.872491487,1.858801305,1.91701203,1.863594347,1.856258792,1.850714576,1.868690021,1.876507476,1.889995109,1.907148386,1.928304889,1.935162138,1.913804638,1.905592309,1.992453357,1.922763209,1.953158436,1.87874321,1.929388909,1.926832941,1.739258929,1.703291911,1.524203429,1.435901892,1.380382473,1.356193499,1.363130009,
TEC,,Europe & Central Asia (IDA & IBRD countries),TEC,,"Fertility rate, total (births per woman)",SP.DYN.TFRT.IN,3.117747826,3.064763947,3.006585283,2.957296203,2.884389507,2.836090232,2.811964328,2.877460545,2.836475276,2.78739901,2.776656584,2.782713435,2.770481691,2.730565514,2.730556912,2.696433427,2.672396357,2.629979508,2.592837197,2.575649987,2.549229651,2.531454791,2.57028865,2.606366465,2.58719456,2.561431012,2.594108362,2.586101039,2.516293165,2.42511981,2.313389577,2.218910975,2.099399322,1.987240391,1.93857227,1.863560488,1.788031335,1.733215691,1.706339527,1.641446756,1.620307607,1.600807184,1.603806586,1.616763644,1.647025942,1.633933388,1.661618093,1.722721342,1.792349129,1.809220263,1.810076031,1.798036492,1.863545364,1.874856112,1.926317381,1.929777777,1.924809557,1.867805242,1.85087391,1.820903577,1.81408859,1.814917335,1.748471472,1.724880174,1.705048516,
TGO,Sub-Saharan Africa,Togo,TGO,Lower middle income,"Fertility rate, total (births per woman)",SP.DYN.TFRT.IN,6.796676,6.820639,6.856907,6.893064,6.915946,6.93729,6.956084,6.958849,6.970459,7.014899,7.034988,7.063704,7.068624,7.08101,7.089781,7.088292,7.062682,7.025358,6.982702,6.935004,6.875555,6.808608,6.724837,6.633341,6.541951,6.457372,6.381665,6.303876,6.228403,6.148569,6.067132,5.986704,5.885765,5.782153,5.672271,5.564586,5.458922,5.362601,5.287873,5.226114,5.1652,5.12801,5.09187,5.047961,4.994707,5.037823,5.076201,5.102,5.100197,5.104276,5.087324,4.984234,4.853789,4.753612,4.701602,4.661566,4.633942,4.576231,4.513072,4.450408,4.386312,4.323871,4.253183,4.192401,4.121673,
THA,East Asia & Pacific,Thailand,THA,Upper middle income,"Fertility rate, total (births per woman)",SP.DYN.TFRT.IN,6.325,6.324,6.331,6.342,6.309,6.258,6.182,6.077,5.928,5.704,5.452,5.253,5.077,4.845,4.598,4.364,4.119,3.865,3.617,3.451,3.293,3.127,2.943,2.755,2.582,2.45,2.358,2.255,2.171,2.136,2.065,2.036,2.008,1.967,1.928,1.888,1.865,1.845,1.815,1.768,1.734,1.711,1.688,1.673,1.665,1.644,1.631,1.616,1.587,1.565,1.562,1.571,1.563,1.526,1.484,1.451,1.4,1.363,1.323,1.285,1.259,1.234,1.221,1.212,1.204,
TJK,Europe & Central Asia,Tajikistan,TJK,Lower middle income,"Fertility rate, total (births per woman)",SP.DYN.TFRT.IN,6.235,6.353,6.479,6.62,6.68,6.743,6.815,6.886,6.912,6.911,6.911,6.911,6.893,6.841,6.772,6.692,6.601,6.494,6.4,6.311,6.212,6.117,6.034,5.981,5.956,5.944,5.906,5.839,5.754,5.609,5.456,5.276,5.056,4.921,4.792,4.664,3.94,4.06,4.07,3.85,3.49,3.49,3.47,3.42,3.507,3.398,3.341,3.367,3.388,3.43,3.457,3.456,3.421,3.433,3.459,3.459,3.384,3.29,3.294,3.281,3.211,3.17,3.127,3.072,3.036,
TKM,Europe & Central Asia,Turkmenistan,TKM,Upper middle income,"Fertility rate, total (births per woman)",SP.DYN.TFRT.IN,6.59,6.689,6.756,6.788,6.787,6.756,6.703,6.635,6.56,6.482,6.404,6.323,6.2,6.152,6.087,6.004,5.901,5.77,5.61,5.457,5.303,5.162,5.042,4.967,4.964,4.966,4.936,4.842,4.675,4.463,4.288,4.145,3.957,3.778,3.623,3.491,3.292,3.18,3.075,2.976,2.9,2.814,2.71,2.667,2.674,2.706,2.724,2.734,2.75,2.794,2.848,2.9,2.955,3.007,3.023,3.033,2.99,2.934,2.875,2.834,2.793,2.754,2.728,2.69,2.661,
TLA,,Latin America & the Caribbean (IDA & IBRD countries),TLA,,"Fertility rate, total (births per woman)",SP.DYN.TFRT.IN,5.94699989,5.932821942,5.917059691,5.887861477,5.830561987,5.746422773,5.650814091,5.545255967,5.438285891,5.340889244,5.245471395,5.151082196,5.049938445,4.950138924,4.834805354,4.733983916,4.64071733,4.548494327,4.453656007,4.347606869,4.240992909,4.142964534,4.045063076,3.945573599,3.844476326,3.746152919,3.654316681,3.551842182,3.457971136,3.377635653,3.301150898,3.229050851,3.154004172,3.095129051,3.03071812,2.967273157,2.896117256,2.832750885,2.773680485,2.705249863,2.636338628,2.56819056,2.504569764,2.443585263,2.401365897,2.362461606,2.317984707,2.278253175,2.248702919,2.220743172,2.192351478,2.171737672,2.141770578,2.119690307,2.102227691,2.070155625,2.018031652,1.993421197,1.974239072,1.92884195,1.868898419,1.844095394,1.822031907,1.804141923,1.794221265,
TLS,East Asia & Pacific,Timor-Leste,TLS,Lower middle income,"Fertility rate, total (births per woman)",SP.DYN.TFRT.IN,6.319,6.273,6.218,6.155,6.084,6.008,5.932,5.858,5.788,5.722,5.655,5.58,5.492,5.392,5.287,5.19,5.119,5.085,5.094,5.142,5.219,5.525,5.555,5.586,5.614,5.65,5.672,5.682,5.716,5.762,5.811,5.835,5.867,5.879,5.912,5.936,5.941,5.955,5.963,5.97,5.934,5.918,5.899,5.846,5.741,5.611,5.474,5.333,5.171,4.994,4.816,4.614,4.404,4.208,3.999,3.779,3.582,3.399,3.244,3.116,3.011,2.892,2.801,2.707,2.627,
TMN,,"Middle East, North Africa, Afghanistan & Pakistan (IDA & IBRD)",TMN,,"Fertility rate, total (births per woman)",SP.DYN.TFRT.IN,6.989209346,7.011387313,7.063676893,7.04398524,7.013963525,6.982989787,6.96478623,6.946976219,6.920198269,6.883965619,6.833636388,6.77310893,6.705327301,6.649146438,6.612252769,6.58676597,6.579395711,6.560615278,6.542081889,6.536809996,6.501314876,6.437288087,6.377565855,6.311817394,6.22571829,6.121386653,5.994371128,5.860956607,5.732156173,5.591663507,5.452744563,5.292911896,5.121527992,4.956769673,4.79709343,4.61628483,4.451584858,4.325414755,4.214208388,4.132025789,4.033135839,3.922354034,3.81899846,3.755902299,3.663299339,3.61438149,3.603223647,3.588123084,3.575575454,3.566347677,3.557312172,3.541240035,3.537082383,3.526742857,3.509128872,3.47885084,3.415454929,3.387311608,3.297386896,3.22947152,3.192033683,3.147200354,3.113996968,3.082666832,3.048162603,
TON,East Asia & Pacific,Tonga,TON,Upper middle income,"Fertility rate, total (births per woman)",SP.DYN.TFRT.IN,6.651,6.61,6.571,6.517,6.464,6.408,6.349,6.293,6.226,6.166,6.071,5.958,5.862,5.801,5.765,5.746,5.726,5.699,5.684,5.647,5.599,5.554,5.497,5.45,5.407,5.344,5.273,5.192,5.103,5.006,4.929,4.852,4.787,4.726,4.658,4.563,4.455,4.378,4.309,4.228,4.159,4.127,4.138,4.175,4.186,4.195,4.141,4.086,4.012,3.946,3.879,3.829,3.768,3.696,3.619,3.54,3.463,3.388,3.326,3.274,3.234,3.198,3.171,3.129,3.1,
TSA,,South Asia (IDA & IBRD),TSA,,"Fertility rate, total (births per woman)",SP.DYN.TFRT.IN,5.996433145,6.0129255,6.028328464,6.039867759,6.045721783,6.008650222,5.954284275,5.907648702,5.849578959,5.782001526,5.731136508,5.676943756,5.601303869,5.525994283,5.455831786,5.33807897,5.274441375,5.159746636,5.051306317,4.973149121,4.932103893,4.855080431,4.769637796,4.697163792,4.635430918,4.540897902,4.484212572,4.382451139,4.280442887,4.186583285,4.090798095,3.989653835,3.892367456,3.803005356,3.725528108,3.644852528,3.571543579,3.507444124,3.436518808,3.372337368,3.333953561,3.283083884,3.198283541,3.103434331,3.025416283,2.936879897,2.846972854,2.756696545,2.689050825,2.644431807,2.56574779,2.500225144,2.44177824,2.378272065,2.283962741,2.278910706,2.273306014,2.191581719,2.181340599,2.124076233,2.060193822,2.031029904,2.014011713,1.99556442,1.980991878,
TSS,,Sub-Saharan Africa (IDA & IBRD countries),TSS,,"Fertility rate, total (births per woman)",SP.DYN.TFRT.IN,6.571748756,6.585713977,6.603909312,6.619609654,6.636025585,6.650370798,6.677427597,6.693945492,6.708608172,6.720036123,6.735321834,6.756452509,6.771254204,6.782691108,6.796734338,6.806308892,6.80539114,6.807281733,6.808183453,6.792581724,6.773309445,6.748045353,6.720843005,6.685533374,6.638082238,6.587003745,6.539022679,6.490431041,6.434158605,6.373533178,6.301167991,6.24312233,6.18216074,6.125490715,6.064942617,6.004880935,5.935852306,5.866498678,5.814715384,5.777339783,5.738062841,5.696490794,5.651794491,5.613460017,5.586790663,5.55886459,5.521944699,5.476235193,5.445824149,5.385941108,5.324918807,5.254636492,5.178030155,5.097073502,5.023722284,4.94319329,4.859717622,4.780305542,4.696709361,4.61335184,4.529759658,4.464499504,4.396631662,4.332565918,4.264193723,
TTO,Latin America & Caribbean,Trinidad and Tobago,TTO,High income,"Fertility rate, total (births per woman)",SP.DYN.TFRT.IN,5.405,5.405,5.358,5.242,5.081,4.88,4.62,4.35,4.106,3.856,3.709,3.612,3.551,3.466,3.319,3.214,3.138,3.121,3.129,3.126,3.145,3.133,3.108,3.07,3.017,2.988,2.903,2.775,2.646,2.526,2.394,2.29,2.213,2.129,2.064,1.967,1.894,1.831,1.784,1.76,1.732,1.705,1.672,1.648,1.627,1.625,1.624,1.622,1.617,1.618,1.614,1.611,1.609,1.603,1.602,1.598,1.601,1.594,1.588,1.578,1.572,1.559,1.544,1.532,1.536,
TUN,Middle East & North Africa,Tunisia,TUN,Lower middle income,"Fertility rate, total (births per woman)",SP.DYN.TFRT.IN,7.157,7.159,7.168,7.17,7.166,7.113,7.055,6.952,6.806,6.623,6.426,6.29,6.187,6.12,6.048,5.972,5.873,5.681,5.401,5.184,5.033,5.023,4.89,4.771,4.664,4.521,4.361,4.104,3.833,3.569,3.441,3.31,3.189,3.058,2.874,2.67,2.488,2.338,2.197,2.082,2.025,1.975,1.941,1.956,1.95,1.953,1.952,1.957,1.975,2.004,2.075,2.189,2.277,2.31,2.316,2.306,2.275,2.205,2.133,2.1,2,1.8,1.847,1.832,1.818,
TUR,Europe & Central Asia,Turkiye,TUR,Upper middle income,"Fertility rate, total (births per woman)",SP.DYN.TFRT.IN,6.383,6.419,6.382,6.339,6.291,6.22,6.152,6.057,5.962,5.872,5.775,5.671,5.548,5.41,5.243,5.087,4.931,4.784,4.691,4.579,4.453,4.351,4.205,4.056,3.911,3.779,3.658,3.542,3.445,3.336,3.107,3.003,2.939,2.916,2.874,2.835,2.779,2.744,2.707,2.63,2.487,2.392,2.268,2.202,2.197,2.197,2.193,2.16,2.15,2.1,2.08,2.05,2.11,2.11,2.19,2.16,2.11,2.08,2,1.89,1.77,1.71,1.63,1.51,1.48,
TUV,East Asia & Pacific,Tuvalu,TUV,Upper middle income,"Fertility rate, total (births per woman)",SP.DYN.TFRT.IN,5.146,5.089,5.004,4.914,4.826,4.726,4.637,4.494,4.361,4.227,4.081,3.944,3.806,3.712,3.633,3.578,3.554,3.555,3.59,3.645,3.73,3.804,3.877,3.912,3.946,3.973,3.973,3.941,3.881,3.797,3.75,3.789,3.86,3.922,3.923,3.963,3.951,3.952,3.951,3.919,3.841,3.749,3.637,3.579,3.553,3.546,3.525,3.446,3.415,3.425,3.442,3.463,3.47,3.389,3.33,3.308,3.297,3.301,3.328,3.331,3.309,3.277,3.244,3.208,3.174,
TZA,Sub-Saharan Africa,Tanzania,TZA,Lower middle income,"Fertility rate, total (births per woman)",SP.DYN.TFRT.IN,6.536,6.562,6.605,6.647,6.68,6.727,6.804,6.864,6.9,6.954,7.001,7.044,7.052,7.062,7.123,7.101,7.086,7.072,7.06,7.043,6.991,6.93,6.868,6.805,6.715,6.598,6.488,6.406,6.379,6.303,6.201,6.135,6.078,5.997,5.894,5.822,5.826,5.836,5.811,5.747,5.67,5.617,5.57,5.578,5.597,5.579,5.511,5.403,5.324,5.26,5.225,5.141,5.137,5.156,5.122,5.025,5.006,4.988,4.932,4.866,4.801,4.734,4.671,4.606,4.541,
UGA,Sub-Saharan Africa,Uganda,UGA,Low income,"Fertility rate, total (births per woman)",SP.DYN.TFRT.IN,6.905,6.927,6.959,6.984,7.012,7.042,7.066,7.102,7.13,7.115,7.149,7.181,7.185,7.193,7.192,7.201,7.194,7.183,7.163,7.142,7.113,7.118,7.11,7.068,7.024,7.037,7.083,7.12,7.102,7.045,7.014,6.943,6.913,6.886,6.899,6.871,6.835,6.856,6.837,6.825,6.788,6.757,6.735,6.671,6.612,6.525,6.429,6.326,6.202,6.124,6.019,5.885,5.729,5.563,5.408,5.251,5.112,4.987,4.867,4.744,4.621,4.51,4.388,4.283,4.165,
UKR,Europe & Central Asia,Ukraine,UKR,Upper middle income,"Fertility rate, total (births per woman)",SP.DYN.TFRT.IN,2.285,2.197,2.154,2.111,2.014,1.943,2.037,2.04,2.031,2.012,2.078,2.113,2.127,2.044,2.064,2.049,2.044,1.983,1.969,1.957,1.949,1.915,1.951,2.099,2.081,2.033,2.117,2.07,2.042,1.927,1.845,1.773,1.674,1.564,1.471,1.399,1.333,1.271,1.206,1.127,1.108,1.092,1.127,1.173,1.215,1.221,1.297,1.343,1.444,1.47,1.436,1.464,1.528,1.515,1.466,1.387,1.391,1.3,1.233,1.218,1.208,1.148,0.897,0.977,0.988,
UMC,,Upper middle income,UMC,,"Fertility rate, total (births per woman)",SP.DYN.TFRT.IN,4.95573332,4.634215765,5.822085513,6.562480122,6.101814342,6.041046466,5.864035405,5.574256914,5.914641298,5.710088184,5.630580183,5.300221111,5.045145488,4.798508793,4.450224935,4.097787956,3.884984223,3.639775014,3.532419975,3.504874867,3.456148287,3.44020207,3.497837073,3.240752445,3.217930228,3.171751277,3.164104112,3.133120913,2.972858048,2.920090458,2.870639797,2.529759876,2.400107603,2.317062304,2.245888935,2.185904726,2.12770014,2.078316805,2.042467733,2.015588705,2.038177288,1.982918788,1.962354143,1.950866541,1.962831345,1.965140684,1.972600904,1.981095061,1.999607785,1.999034481,1.981997184,1.97777462,2.042343111,1.993517276,2.017945729,1.95706151,1.978012752,1.967277548,1.829004212,1.788895933,1.6516919,1.586829698,1.538245804,1.516627382,1.517966082,
URY,Latin America & Caribbean,Uruguay,URY,High income,"Fertility rate, total (births per woman)",SP.DYN.TFRT.IN,2.827,2.846,2.866,2.884,2.863,2.84,2.819,2.784,2.771,2.769,2.772,2.767,2.782,2.855,2.957,3.017,3.005,2.899,2.829,2.711,2.59,2.534,2.512,2.486,2.471,2.47,2.47,2.486,2.503,2.498,2.477,2.454,2.432,2.408,2.425,2.401,2.364,2.328,2.271,2.248,2.196,2.161,2.16,2.116,2.093,2.097,2.07,2.048,2.03,2.018,2.011,1.987,2.012,2.034,2.026,2.041,1.966,1.824,1.681,1.567,1.497,1.446,1.425,1.409,1.397,
USA,North America,United States,USA,High income,"Fertility rate, total (births per woman)",SP.DYN.TFRT.IN,3.654,3.62,3.461,3.319,3.19,2.913,2.721,2.558,2.464,2.456,2.48,2.266,2.01,1.879,1.835,1.774,1.738,1.79,1.76,1.808,1.8395,1.812,1.8275,1.799,1.8065,1.844,1.8375,1.872,1.934,2.014,2.081,2.0625,2.046,2.0195,2.0015,1.978,1.976,1.971,1.999,2.0075,2.056,2.0305,2.0205,2.0475,2.0515,2.057,2.108,2.12,2.072,2.002,1.931,1.8945,1.8805,1.8575,1.8625,1.8435,1.8205,1.7655,1.7295,1.706,1.6415,1.664,1.6565,1.6165,1.6265,
UZB,Europe & Central Asia,Uzbekistan,UZB,Lower middle income,"Fertility rate, total (births per woman)",SP.DYN.TFRT.IN,6.613,6.752,6.878,6.808,6.823,6.81,6.66,6.567,6.394,6.338,6.313,6.284,6.246,6.162,6.053,5.918,5.749,5.54,5.281,5.159,5.039,4.905,4.817,4.714,4.729,4.691,4.675,4.532,4.263,4.102,4.122,4.19,4.056,3.863,3.66,3.566,3.393,3.186,2.985,2.831,2.696,2.61,2.575,2.503,2.496,2.438,2.461,2.573,2.635,2.559,2.442,2.354,2.337,2.445,2.546,2.583,2.564,2.57,2.713,2.869,3.062,3.273,3.396,3.5,3.486,
VCT,Latin America & Caribbean,St. Vincent and the Grenadines,VCT,Upper middle income,"Fertility rate, total (births per woman)",SP.DYN.TFRT.IN,7.247,7.157,7.033,6.921,6.828,6.735,6.639,6.533,6.416,6.275,6.116,5.946,5.774,5.587,5.379,5.165,4.949,4.748,4.554,4.291,3.923,3.845,3.743,3.561,3.283,3.081,2.924,2.819,2.753,2.73,2.731,2.747,2.759,2.737,2.678,2.609,2.526,2.433,2.345,2.307,2.306,2.3,2.218,2.142,2.087,2.068,2.033,2.063,2.15,2.174,2.144,2.076,2.113,2.106,2.141,2.133,2.055,1.94,1.9,1.864,1.83,1.808,1.791,1.775,1.761,
VEN,Latin America & Caribbean,"Venezuela, RB",VEN,Lower middle income,"Fertility rate, total (births per woman)",SP.DYN.TFRT.IN,6.382,6.298,6.231,6.155,6.071,5.977,5.87,5.748,5.614,5.469,5.321,5.174,5.035,4.906,4.791,4.686,4.589,4.494,4.397,4.298,4.2,4.104,4.014,3.933,3.861,3.794,3.73,3.665,3.597,3.524,3.448,3.37,3.292,3.218,3.147,3.082,3.022,2.967,2.912,2.856,2.79,2.779,2.739,2.703,2.639,2.629,2.595,2.524,2.475,2.422,2.396,2.398,2.379,2.334,2.296,2.253,2.217,2.183,2.151,2.131,2.116,2.105,2.088,2.079,2.077,
VGB,Latin America & Caribbean,British Virgin Islands,VGB,High income,"Fertility rate, total (births per woman)",SP.DYN.TFRT.IN,4.812,4.667,4.514,4.363,4.194,4.053,3.965,3.912,3.875,3.807,3.739,3.642,3.542,3.428,3.333,3.254,3.2,3.148,3.113,3.066,2.924,2.334,2.269,2.121,1.987,1.919,1.78,1.717,1.711,1.769,1.779,1.843,1.878,1.81,1.659,1.777,1.894,2.009,1.523,1.786,1.839,1.517,1.247,1.309,1.5,1.34,1.234,1.312,1.272,1.23,1.183,1.268,1.103,1.086,1.235,1.186,0.987,0.873,0.905,0.941,0.975,0.999,1.025,1.045,1.048,
VIR,Latin America & Caribbean,Virgin Islands (U.S.),VIR,High income,"Fertility rate, total (births per woman)",SP.DYN.TFRT.IN,5.149,4.801,5.072,4.958,5.474,5.64,4.993,5.196,4.954,4.812,5.254,5.066,4.78,4.231,3.873,3.595,3.39,3.257,3.303,3.04,3.105,2.999,3.076,3.097,2.896,2.831,2.74,2.844,2.837,3.024,3.106,3.379,3.63,3.636,3.682,3.237,2.941,3.017,2.676,2.449,2.06,1.9,2.21,2.07,2.17,2.24,2.03,2.51,2.44,2.37,2.3,2.16,2.06,2.08,2.09,2.11,2.09,2.08,2.06,2.05,2.03,2.01,2,1.98,1.97,
VNM,East Asia & Pacific,Viet Nam,VNM,Upper middle income,"Fertility rate, total (births per woman)",SP.DYN.TFRT.IN,6.273,5.476,6.257,6.385,6.285,6.156,5.968,5.883,6.029,6.013,6.019,6.069,6.1,6.108,5.781,5.621,5.461,5.291,5.104,4.94,4.795,4.665,4.593,4.524,4.412,4.206,3.955,3.717,3.623,3.641,3.602,3.524,3.353,3.172,2.941,2.7,2.468,2.274,2.098,1.999,2.028,2.023,2.006,1.999,1.968,1.887,1.873,1.911,1.933,1.92,1.906,1.927,1.967,1.98,2.09,2.1,2,1.985,1.88,1.943,1.957,1.942,1.927,1.913,1.895,
VUT,East Asia & Pacific,Vanuatu,VUT,Lower middle income,"Fertility rate, total (births per woman)",SP.DYN.TFRT.IN,6.784,6.729,6.672,6.623,6.568,6.524,6.511,6.509,6.463,6.41,6.346,6.293,6.228,6.151,6.057,5.976,5.885,5.806,5.768,5.733,5.691,5.651,5.603,5.547,5.489,5.433,5.382,5.328,5.27,5.211,5.166,5.13,5.094,5.023,4.937,4.847,4.752,4.657,4.603,4.556,4.537,4.495,4.382,4.293,4.214,4.133,4.1,4.117,4.159,4.157,4.126,4.093,4.059,4.039,3.999,3.952,3.915,3.875,3.834,3.79,3.738,3.696,3.647,3.596,3.569,
WLD,,World,WLD,,"Fertility rate, total (births per woman)",SP.DYN.TFRT.IN,4.68612931,4.564754525,5.024062488,5.314304743,5.130812935,5.080922088,4.968222588,4.86575845,4.978188218,4.879962526,4.83997419,4.689304418,4.547759381,4.417104758,4.255854711,4.073434357,3.966826412,3.8419039,3.773733248,3.756321126,3.731234134,3.705487201,3.721506248,3.594682684,3.567745374,3.529507048,3.514236693,3.482445889,3.393010277,3.345989762,3.306655173,3.125888225,3.0388726,2.97140518,2.918944929,2.865829927,2.818672659,2.778754669,2.74671042,2.721243271,2.729795896,2.688438874,2.660008379,2.637965216,2.62792442,2.610635666,2.606184286,2.601889536,2.603290298,2.592939691,2.568062956,2.547950289,2.564390768,2.524951933,2.517488063,2.489977479,2.491359434,2.459798929,2.391737131,2.353199641,2.276229756,2.245533035,2.215018401,2.195667272,2.188312561,
WSM,East Asia & Pacific,Samoa,WSM,Upper middle income,"Fertility rate, total (births per woman)",SP.DYN.TFRT.IN,7.779,7.771,7.759,7.729,7.703,7.653,7.596,7.551,7.499,7.432,7.338,7.224,7.07,6.908,6.747,6.606,6.473,6.313,6.146,5.991,5.861,5.749,5.677,5.617,5.553,5.489,5.421,5.316,5.207,5.107,5.007,4.912,4.865,4.826,4.792,4.767,4.739,4.695,4.645,4.572,4.523,4.477,4.444,4.392,4.343,4.322,4.322,4.358,4.417,4.466,4.52,4.56,4.545,4.491,4.423,4.344,4.262,4.196,4.136,4.061,4.002,3.94,3.883,3.829,3.801,
XKX,Europe & Central Asia,Kosovo,XKX,Upper middle income,"Fertility rate, total (births per woman)",SP.DYN.TFRT.IN,6.359,6.314,6.244,6.176,6.112,6.035,5.947,5.877,5.812,5.731,5.624,5.556,5.488,5.418,5.373,5.283,5.185,5.012,4.831,4.697,4.658,4.501,4.493,4.462,4.406,4.197,4.115,4.098,3.967,3.672,3.666,3.373,2.765,2.65,2.524,2.524,2.536,2.312,2.35,2.634,2.698,2.765,2.791,2.67,2.65,2.623,2.494,2.393,2.359,2.317,2.223,2.038,1.969,1.953,1.87,1.763,1.641,1.618,1.581,1.575,1.567,1.561,1.555,1.545,1.538,
YEM,Middle East & North Africa,"Yemen, Rep.",YEM,Low income,"Fertility rate, total (births per woman)",SP.DYN.TFRT.IN,7.988,8,8.01,8.028,8.071,8.101,8.142,8.174,8.191,8.216,8.234,8.26,8.273,8.29,8.326,8.373,8.423,8.466,8.501,8.671,8.71,8.752,8.793,8.828,8.853,8.864,8.858,8.833,8.786,8.713,8.606,8.459,8.272,8.048,7.795,7.525,7.004,6.82,6.639,6.489,6.317,6.143,5.971,5.839,5.712,5.563,5.412,5.261,5.113,5.004,4.81,4.63,4.633,4.623,4.62,4.617,4.613,4.61,4.607,4.603,4.6,4.597,4.593,4.59,4.499,
ZAF,Sub-Saharan Africa,South Africa,ZAF,Upper middle income,"Fertility rate, total (births per woman)",SP.DYN.TFRT.IN,6.105,6.08,6.046,6.012,5.955,5.892,5.907,5.852,5.782,5.719,5.634,5.569,5.49,5.413,5.298,5.191,5.071,4.942,4.853,4.818,4.78,4.712,4.696,4.626,4.566,4.495,4.409,4.352,4.18,3.983,3.724,3.618,3.479,3.372,3.258,3.172,2.991,2.734,2.63,2.559,2.413,2.373,2.324,2.358,2.436,2.512,2.548,2.545,2.679,2.501,2.445,2.436,2.447,2.428,2.424,2.359,2.261,2.283,2.27,2.264,2.257,2.248,2.227,2.216,2.205,
ZMB,Sub-Saharan Africa,Zambia,ZMB,Lower middle income,"Fertility rate, total (births per woman)",SP.DYN.TFRT.IN,6.947,6.982,7.012,7.06,7.085,7.116,7.138,7.154,7.18,7.18,7.224,7.26,7.3,7.339,7.364,7.421,7.388,7.353,7.294,7.222,7.139,7.073,7.039,7.007,6.974,6.928,6.868,6.798,6.703,6.635,6.567,6.458,6.349,6.298,6.26,6.232,6.182,6.124,6.067,5.998,5.921,5.848,5.774,5.71,5.698,5.697,5.679,5.613,5.53,5.453,5.359,5.256,5.136,5.014,4.89,4.775,4.669,4.567,4.492,4.418,4.323,4.246,4.175,4.101,4.036,
ZWE,Sub-Saharan Africa,Zimbabwe,ZWE,Lower middle income,"Fertility rate, total (births per woman)",SP.DYN.TFRT.IN,7.195,7.212,7.231,7.23,7.23,7.231,7.196,7.157,7.114,7.036,6.982,6.939,6.942,6.942,6.879,6.832,6.771,6.713,6.658,6.59,6.517,6.445,6.333,6.197,6.044,5.871,5.688,5.5,5.279,5.073,4.876,4.715,4.567,4.391,4.284,4.153,4.11,4.075,4.067,4.056,4.009,3.983,3.925,3.862,3.776,3.693,3.635,3.677,3.783,3.95,4.04,4.126,4.134,4.111,4.011,3.911,3.828,3.768,3.744,3.748,3.754,3.765,3.767,3.724,3.674,